# https://github.com/mikedh/trimesh
v 0.00000000 0.00000000 1.00000000
v 0.10116832 0.00000000 0.99486932
v 0.20129852 0.00000000 0.97952994
v 0.29936312 0.00000000 0.95413926
v 0.39435586 0.00000000 0.91895781
v 0.48530196 0.00000000 0.87434662
v 0.57126822 0.00000000 0.82076344
v 0.65137248 0.00000000 0.75875812
v 0.72479279 0.00000000 0.68896692
v 0.79077574 0.00000000 0.61210598
v 0.84864426 0.00000000 0.52896401
v 0.89780454 0.00000000 0.44039415
v 0.93775213 0.00000000 0.34730525
v 0.96807712 0.00000000 0.25065253
v 0.98846832 0.00000000 0.15142778
v 0.99871651 0.00000000 0.05064917
v 0.99871651 0.00000000 -0.05064917
v 0.98846832 0.00000000 -0.15142778
v 0.96807712 0.00000000 -0.25065253
v 0.93775213 0.00000000 -0.34730525
v 0.89780454 0.00000000 -0.44039415
v 0.84864426 0.00000000 -0.52896401
v 0.79077574 0.00000000 -0.61210598
v 0.72479279 0.00000000 -0.68896692
v 0.65137248 0.00000000 -0.75875812
v 0.57126822 0.00000000 -0.82076344
v 0.48530196 0.00000000 -0.87434662
v 0.39435586 0.00000000 -0.91895781
v 0.29936312 0.00000000 -0.95413926
v 0.20129852 0.00000000 -0.97952994
v 0.10116832 0.00000000 -0.99486932
v 0.00000000 0.00000000 -1.00000000
v 0.00000000 0.00000000 1.00000000
v 0.10066559 0.01007311 0.99486932
v 0.20029822 0.02004286 0.97952994
v 0.29787552 0.02980694 0.95413926
v 0.39239621 0.03926516 0.91895781
v 0.48289039 0.04832047 0.87434662
v 0.56842946 0.05687995 0.82076344
v 0.64813567 0.06485576 0.75875812
v 0.72119113 0.07216606 0.68896692
v 0.78684619 0.07873584 0.61210598
v 0.84442715 0.08449768 0.52896401
v 0.89334315 0.08939246 0.44039415
v 0.93309223 0.09336996 0.34730525
v 0.96326653 0.09638935 0.25065253
v 0.98355640 0.09841966 0.15142778
v 0.99375366 0.09944005 0.05064917
v 0.99375366 0.09944005 -0.05064917
v 0.98355640 0.09841966 -0.15142778
v 0.96326653 0.09638935 -0.25065253
v 0.93309223 0.09336996 -0.34730525
v 0.89334315 0.08939246 -0.44039415
v 0.84442715 0.08449768 -0.52896401
v 0.78684619 0.07873584 -0.61210598
v 0.72119113 0.07216606 -0.68896692
v 0.64813567 0.06485576 -0.75875812
v 0.56842946 0.05687995 -0.82076344
v 0.48289039 0.04832047 -0.87434662
v 0.39239621 0.03926516 -0.91895781
v 0.29787552 0.02980694 -0.95413926
v 0.20029822 0.02004286 -0.97952994
v 0.10066559 0.01007311 -0.99486932
v 0.00000000 0.00000000 -1.00000000
v 0.00000000 0.00000000 1.00000000
v 0.09916241 0.02004611 0.99486932
v 0.19730727 0.03988653 0.97952994
v 0.29342750 0.05931765 0.95413926
v 0.38653676 0.07814009 0.91895781
v 0.47567963 0.09616071 0.87434662
v 0.55994139 0.11319459 0.82076344
v 0.63845739 0.12906695 0.75875812
v 0.71042195 0.14361490 0.68896692
v 0.77509662 0.15668916 0.61210598
v 0.83181775 0.16815559 0.52896401
v 0.88000331 0.17789651 0.44039415
v 0.91915884 0.18581197 0.34730525
v 0.94888256 0.19182075 0.25065253
v 0.96886946 0.19586119 0.15142778
v 0.97891444 0.19789182 0.05064917
v 0.97891444 0.19789182 -0.05064917
v 0.96886946 0.19586119 -0.15142778
v 0.94888256 0.19182075 -0.25065253
v 0.91915884 0.18581197 -0.34730525
v 0.88000331 0.17789651 -0.44039415
v 0.83181775 0.16815559 -0.52896401
v 0.77509662 0.15668916 -0.61210598
v 0.71042195 0.14361490 -0.68896692
v 0.63845739 0.12906695 -0.75875812
v 0.55994139 0.11319459 -0.82076344
v 0.47567963 0.09616071 -0.87434662
v 0.38653676 0.07814009 -0.91895781
v 0.29342750 0.05931765 -0.95413926
v 0.19730727 0.03988653 -0.97952994
v 0.09916241 0.02004611 -0.99486932
v 0.00000000 0.00000000 -1.00000000
v 0.00000000 0.00000000 1.00000000
v 0.09667370 0.02981989 0.99486932
v 0.19235539 0.05933378 0.97952994
v 0.28606326 0.08823883 0.95413926
v 0.37683573 0.11623843 0.91895781
v 0.46374136 0.14304526 0.87434662
v 0.54588837 0.16838426 0.82076344
v 0.62243383 0.19199541 0.75875812
v 0.69259228 0.21363642 0.68896692
v 0.75564379 0.23308524 0.61210598
v 0.81094137 0.25014229 0.52896401
v 0.85791760 0.26463253 0.44039415
v 0.89609044 0.27640729 0.34730525
v 0.92506817 0.28534574 0.25065253
v 0.94455345 0.29135615 0.15142778
v 0.95434633 0.29437686 0.05064917
v 0.95434633 0.29437686 -0.05064917
v 0.94455345 0.29135615 -0.15142778
v 0.92506817 0.28534574 -0.25065253
v 0.89609044 0.27640729 -0.34730525
v 0.85791760 0.26463253 -0.44039415
v 0.81094137 0.25014229 -0.52896401
v 0.75564379 0.23308524 -0.61210598
v 0.69259228 0.21363642 -0.68896692
v 0.62243383 0.19199541 -0.75875812
v 0.54588837 0.16838426 -0.82076344
v 0.46374136 0.14304526 -0.87434662
v 0.37683573 0.11623843 -0.91895781
v 0.28606326 0.08823883 -0.95413926
v 0.19235539 0.05933378 -0.97952994
v 0.09667370 0.02981989 -0.99486932
v 0.00000000 0.00000000 -1.00000000
v 0.00000000 0.00000000 1.00000000
v 0.09322420 0.03929730 0.99486932
v 0.18549180 0.07819135 0.97952994
v 0.27585600 0.11628305 0.95413926
v 0.36338954 0.15318154 0.91895781
v 0.44719421 0.18850817 0.87434662
v 0.52641007 0.22190045 0.82076344
v 0.60022425 0.25301574 0.75875812
v 0.66787931 0.28153474 0.68896692
v 0.72868103 0.30716481 0.61210598
v 0.78200550 0.32964296 0.52896401
v 0.82730553 0.34873852 0.44039415
v 0.86411628 0.36425556 0.34730525
v 0.89206004 0.37603484 0.25065253
v 0.91085005 0.38395549 0.15142778
v 0.92029350 0.38793624 0.05064917
v 0.92029350 0.38793624 -0.05064917
v 0.91085005 0.38395549 -0.15142778
v 0.89206004 0.37603484 -0.25065253
v 0.86411628 0.36425556 -0.34730525
v 0.82730553 0.34873852 -0.44039415
v 0.78200550 0.32964296 -0.52896401
v 0.72868103 0.30716481 -0.61210598
v 0.66787931 0.28153474 -0.68896692
v 0.60022425 0.25301574 -0.75875812
v 0.52641007 0.22190045 -0.82076344
v 0.44719421 0.18850817 -0.87434662
v 0.36338954 0.15318154 -0.91895781
v 0.27585600 0.11628305 -0.95413926
v 0.18549180 0.07819135 -0.97952994
v 0.09322420 0.03929730 -0.99486932
v 0.00000000 0.00000000 -1.00000000
v 0.00000000 0.00000000 1.00000000
v 0.08884820 0.04838415 0.99486932
v 0.17678470 0.09627182 0.97952994
v 0.26290715 0.14317160 0.95413926
v 0.34633182 0.18860226 0.91895781
v 0.42620265 0.23209759 0.87434662
v 0.50170007 0.27321130 0.82076344
v 0.57204937 0.31152148 0.75875812
v 0.63652866 0.34663503 0.68896692
v 0.69447631 0.37819164 0.61210598
v 0.74529770 0.40586749 0.52896401
v 0.78847132 0.42937859 0.44039415
v 0.82355415 0.44848369 0.34730525
v 0.85018621 0.46298673 0.25065253
v 0.86809421 0.47273891 0.15142778
v 0.87709438 0.47764014 0.05064917
v 0.87709438 0.47764014 -0.05064917
v 0.86809421 0.47273891 -0.15142778
v 0.85018621 0.46298673 -0.25065253
v 0.82355415 0.44848369 -0.34730525
v 0.78847132 0.42937859 -0.44039415
v 0.74529770 0.40586749 -0.52896401
v 0.69447631 0.37819164 -0.61210598
v 0.63652866 0.34663503 -0.68896692
v 0.57204937 0.31152148 -0.75875812
v 0.50170007 0.27321130 -0.82076344
v 0.42620265 0.23209759 -0.87434662
v 0.34633182 0.18860226 -0.91895781
v 0.26290715 0.14317160 -0.95413926
v 0.17678470 0.09627182 -0.97952994
v 0.08884820 0.04838415 -0.99486932
v 0.00000000 0.00000000 -1.00000000
v 0.00000000 0.00000000 1.00000000
v 0.08358919 0.05699015 0.99486932
v 0.16632064 0.11339549 0.97952994
v 0.24734542 0.16863725 0.95413926
v 0.32583210 0.22214856 0.91895781
v 0.40097530 0.27338033 0.87434662
v 0.47200395 0.32180684 0.82076344
v 0.53818920 0.36693118 0.75875812
v 0.59885190 0.40829031 0.68896692
v 0.65336958 0.44545983 0.61210598
v 0.70118279 0.47805833 0.52896401
v 0.74180092 0.50575131 0.44039415
v 0.77480717 0.52825459 0.34730525
v 0.79986285 0.54533726 0.25065253
v 0.81671086 0.55682403 0.15142778
v 0.82517830 0.56259704 0.05064917
v 0.82517830 0.56259704 -0.05064917
v 0.81671086 0.55682403 -0.15142778
v 0.79986285 0.54533726 -0.25065253
v 0.77480717 0.52825459 -0.34730525
v 0.74180092 0.50575131 -0.44039415
v 0.70118279 0.47805833 -0.52896401
v 0.65336958 0.44545983 -0.61210598
v 0.59885190 0.40829031 -0.68896692
v 0.53818920 0.36693118 -0.75875812
v 0.47200395 0.32180684 -0.82076344
v 0.40097530 0.27338033 -0.87434662
v 0.32583210 0.22214856 -0.91895781
v 0.24734542 0.16863725 -0.95413926
v 0.16632064 0.11339549 -0.97952994
v 0.08358919 0.05699015 -0.99486932
v 0.00000000 0.00000000 -1.00000000
v 0.00000000 0.00000000 1.00000000
v 0.07749943 0.06502974 0.99486932
v 0.15420361 0.12939219 0.97952994
v 0.22932546 0.19242691 0.95413926
v 0.30209411 0.25348706 0.91895781
v 0.37176287 0.31194609 0.87434662
v 0.43761684 0.36720413 0.82076344
v 0.49898027 0.41869416 0.75875812
v 0.55522349 0.46588782 0.68896692
v 0.60576936 0.50830085 0.61210598
v 0.65009922 0.54549801 0.52896401
v 0.68775818 0.57709763 0.44039415
v 0.71835981 0.60277545 0.34730525
v 0.74159010 0.62226798 0.25065253
v 0.75721067 0.63537519 0.15142778
v 0.76506123 0.64196260 0.05064917
v 0.76506123 0.64196260 -0.05064917
v 0.75721067 0.63537519 -0.15142778
v 0.74159010 0.62226798 -0.25065253
v 0.71835981 0.60277545 -0.34730525
v 0.68775818 0.57709763 -0.44039415
v 0.65009922 0.54549801 -0.52896401
v 0.60576936 0.50830085 -0.61210598
v 0.55522349 0.46588782 -0.68896692
v 0.49898027 0.41869416 -0.75875812
v 0.43761684 0.36720413 -0.82076344
v 0.37176287 0.31194609 -0.87434662
v 0.30209411 0.25348706 -0.91895781
v 0.22932546 0.19242691 -0.95413926
v 0.15420361 0.12939219 -0.97952994
v 0.07749943 0.06502974 -0.99486932
v 0.00000000 0.00000000 -1.00000000
v 0.00000000 0.00000000 1.00000000
v 0.07063945 0.07242305 0.99486932
v 0.14055404 0.14410294 0.97952994
v 0.20902635 0.21430414 0.95413926
v 0.27535378 0.28230628 0.91895781
v 0.33885570 0.34741159 0.87434662
v 0.39888050 0.40895198 0.82076344
v 0.45481225 0.46629597 0.75875812
v 0.50607701 0.51885513 0.68896692
v 0.55214873 0.56609014 0.61210598
v 0.59255467 0.60751629 0.52896401
v 0.62688018 0.64270851 0.44039415
v 0.65477306 0.67130566 0.34730525
v 0.67594709 0.69301432 0.25065253
v 0.69018498 0.70761170 0.15142778
v 0.69734064 0.71494804 0.05064917
v 0.69734064 0.71494804 -0.05064917
v 0.69018498 0.70761170 -0.15142778
v 0.67594709 0.69301432 -0.25065253
v 0.65477306 0.67130566 -0.34730525
v 0.62688018 0.64270851 -0.44039415
v 0.59255467 0.60751629 -0.52896401
v 0.55214873 0.56609014 -0.61210598
v 0.50607701 0.51885513 -0.68896692
v 0.45481225 0.46629597 -0.75875812
v 0.39888050 0.40895198 -0.82076344
v 0.33885570 0.34741159 -0.87434662
v 0.27535378 0.28230628 -0.91895781
v 0.20902635 0.21430414 -0.95413926
v 0.14055404 0.14410294 -0.97952994
v 0.07063945 0.07242305 -0.99486932
v 0.00000000 0.00000000 -1.00000000
v 0.00000000 0.00000000 1.00000000
v 0.06307742 0.07909658 0.99486932
v 0.12550757 0.15738152 0.97952994
v 0.18664985 0.23405151 0.95413926
v 0.24587685 0.30831982 0.91895781
v 0.30258082 0.37942435 0.87434662
v 0.35617991 0.44663548 0.82076344
v 0.40612410 0.50926351 0.75875812
v 0.45190091 0.56666582 0.68896692
v 0.49304061 0.61825337 0.61210598
v 0.52912104 0.66349680 0.52896401
v 0.55977197 0.70193185 0.44039415
v 0.58467889 0.73316414 0.34730525
v 0.60358621 0.75687317 0.25065253
v 0.61629992 0.77281566 0.15142778
v 0.62268956 0.78082801 0.05064917
v 0.62268956 0.78082801 -0.05064917
v 0.61629992 0.77281566 -0.15142778
v 0.60358621 0.75687317 -0.25065253
v 0.58467889 0.73316414 -0.34730525
v 0.55977197 0.70193185 -0.44039415
v 0.52912104 0.66349680 -0.52896401
v 0.49304061 0.61825337 -0.61210598
v 0.45190091 0.56666582 -0.68896692
v 0.40612410 0.50926351 -0.75875812
v 0.35617991 0.44663548 -0.82076344
v 0.30258082 0.37942435 -0.87434662
v 0.24587685 0.30831982 -0.91895781
v 0.18664985 0.23405151 -0.95413926
v 0.12550757 0.15738152 -0.97952994
v 0.06307742 0.07909658 -0.99486932
v 0.00000000 0.00000000 -1.00000000
v 0.00000000 0.00000000 1.00000000
v 0.05488850 0.08498401 0.99486932
v 0.10921376 0.16909598 0.97952994
v 0.16241834 0.25147278 0.95413926
v 0.21395630 0.33126914 0.91895781
v 0.26329877 0.40766623 0.87434662
v 0.30993944 0.47988011 0.82076344
v 0.35339971 0.54716977 0.75875812
v 0.39323362 0.60884473 0.68896692
v 0.42903242 0.66427212 0.61210598
v 0.46042877 0.71288318 0.52896401
v 0.48710050 0.75417909 0.44039415
v 0.50877392 0.78773610 0.34730525
v 0.52522662 0.81320988 0.25065253
v 0.53628980 0.83033902 0.15142778
v 0.54184991 0.83894776 0.05064917
v 0.54184991 0.83894776 -0.05064917
v 0.53628980 0.83033902 -0.15142778
v 0.52522662 0.81320988 -0.25065253
v 0.50877392 0.78773610 -0.34730525
v 0.48710050 0.75417909 -0.44039415
v 0.46042877 0.71288318 -0.52896401
v 0.42903242 0.66427212 -0.61210598
v 0.39323362 0.60884473 -0.68896692
v 0.35339971 0.54716977 -0.75875812
v 0.30993944 0.47988011 -0.82076344
v 0.26329877 0.40766623 -0.87434662
v 0.21395630 0.33126914 -0.91895781
v 0.16241834 0.25147278 -0.95413926
v 0.10921376 0.16909598 -0.97952994
v 0.05488850 0.08498401 -0.99486932
v 0.00000000 0.00000000 -1.00000000
v 0.00000000 0.00000000 1.00000000
v 0.04615407 0.09002684 0.99486932
v 0.09183453 0.17912988 0.97952994
v 0.13657265 0.26639480 0.95413926
v 0.17990934 0.35092616 0.91895781
v 0.22139993 0.43185654 0.87434662
v 0.26061865 0.50835548 0.82076344
v 0.29716307 0.57963801 0.75875812
v 0.33065819 0.64497267 0.68896692
v 0.36076032 0.70368904 0.61210598
v 0.38716055 0.75518460 0.52896401
v 0.40958800 0.79893095 0.44039415
v 0.42781252 0.83447919 0.34730525
v 0.44164710 0.86146454 0.25065253
v 0.45094978 0.87961010 0.15142778
v 0.45562511 0.88872966 0.05064917
v 0.45562511 0.88872966 -0.05064917
v 0.45094978 0.87961010 -0.15142778
v 0.44164710 0.86146454 -0.25065253
v 0.42781252 0.83447919 -0.34730525
v 0.40958800 0.79893095 -0.44039415
v 0.38716055 0.75518460 -0.52896401
v 0.36076032 0.70368904 -0.61210598
v 0.33065819 0.64497267 -0.68896692
v 0.29716307 0.57963801 -0.75875812
v 0.26061865 0.50835548 -0.82076344
v 0.22139993 0.43185654 -0.87434662
v 0.17990934 0.35092616 -0.91895781
v 0.13657265 0.26639480 -0.95413926
v 0.09183453 0.17912988 -0.97952994
v 0.04615407 0.09002684 -0.99486932
v 0.00000000 0.00000000 -1.00000000
v 0.00000000 0.00000000 1.00000000
v 0.03696094 0.09417494 0.99486932
v 0.07354261 0.18738351 0.97952994
v 0.10936963 0.27866927 0.95413926
v 0.14407437 0.36709551 0.91895781
v 0.17730072 0.45175486 0.87434662
v 0.20870771 0.53177858 0.82076344
v 0.23797309 0.60634554 0.75875812
v 0.26479654 0.67469058 0.68896692
v 0.28890282 0.73611237 0.61210598
v 0.31004456 0.78998066 0.52896401
v 0.32800483 0.83574268 0.44039415
v 0.34259932 0.87292884 0.34730525
v 0.35367829 0.90115758 0.25065253
v 0.36112803 0.92013921 0.15142778
v 0.36487211 0.92967898 0.05064917
v 0.36487211 0.92967898 -0.05064917
v 0.36112803 0.92013921 -0.15142778
v 0.35367829 0.90115758 -0.25065253
v 0.34259932 0.87292884 -0.34730525
v 0.32800483 0.83574268 -0.44039415
v 0.31004456 0.78998066 -0.52896401
v 0.28890282 0.73611237 -0.61210598
v 0.26479654 0.67469058 -0.68896692
v 0.23797309 0.60634554 -0.75875812
v 0.20870771 0.53177858 -0.82076344
v 0.17730072 0.45175486 -0.87434662
v 0.14407437 0.36709551 -0.91895781
v 0.10936963 0.27866927 -0.95413926
v 0.07354261 0.18738351 -0.97952994
v 0.03696094 0.09417494 -0.99486932
v 0.00000000 0.00000000 -1.00000000
v 0.00000000 0.00000000 1.00000000
v 0.02740048 0.09738708 0.99486932
v 0.05451979 0.19377484 0.97952994
v 0.08107965 0.28817420 0.95413926
v 0.10680752 0.37961651 0.91895781
v 0.13143941 0.46716344 0.87434662
v 0.15472255 0.54991664 0.82076344
v 0.17641803 0.62702695 0.75875812
v 0.19630322 0.69770311 0.68896692
v 0.21417407 0.76121990 0.61210598
v 0.22984721 0.81692554 0.52896401
v 0.24316180 0.86424842 0.44039415
v 0.25398123 0.90270294 0.34730525
v 0.26219446 0.93189451 0.25065253
v 0.26771722 0.95152358 0.15142778
v 0.27049285 0.96138873 0.05064917
v 0.27049285 0.96138873 -0.05064917
v 0.26771722 0.95152358 -0.15142778
v 0.26219446 0.93189451 -0.25065253
v 0.25398123 0.90270294 -0.34730525
v 0.24316180 0.86424842 -0.44039415
v 0.22984721 0.81692554 -0.52896401
v 0.21417407 0.76121990 -0.61210598
v 0.19630322 0.69770311 -0.68896692
v 0.17641803 0.62702695 -0.75875812
v 0.15472255 0.54991664 -0.82076344
v 0.13143941 0.46716344 -0.87434662
v 0.10680752 0.37961651 -0.91895781
v 0.08107965 0.28817420 -0.95413926
v 0.05451979 0.19377484 -0.97952994
v 0.02740048 0.09738708 -0.99486932
v 0.00000000 0.00000000 -1.00000000
v 0.00000000 0.00000000 1.00000000
v 0.01756769 0.09963135 0.99486932
v 0.03495512 0.19824034 0.97952994
v 0.05198386 0.29481512 0.95413926
v 0.06847918 0.38836470 0.91895781
v 0.08427180 0.47792914 0.87434662
v 0.09919968 0.56258937 0.82076344
v 0.11310964 0.64147667 0.75875812
v 0.12585895 0.71378156 0.68896692
v 0.13731677 0.77876208 0.61210598
v 0.14736553 0.83575144 0.52896401
v 0.15590212 0.88416487 0.44039415
v 0.16283895 0.92350557 0.34730525
v 0.16810483 0.95336985 0.25065253
v 0.17164572 0.97345127 0.15142778
v 0.17342530 0.98354376 0.05064917
v 0.17342530 0.98354376 -0.05064917
v 0.17164572 0.97345127 -0.15142778
v 0.16810483 0.95336985 -0.25065253
v 0.16283895 0.92350557 -0.34730525
v 0.15590212 0.88416487 -0.44039415
v 0.14736553 0.83575144 -0.52896401
v 0.13731677 0.77876208 -0.61210598
v 0.12585895 0.71378156 -0.68896692
v 0.11310964 0.64147667 -0.75875812
v 0.09919968 0.56258937 -0.82076344
v 0.08427180 0.47792914 -0.87434662
v 0.06847918 0.38836470 -0.91895781
v 0.05198386 0.29481512 -0.95413926
v 0.03495512 0.19824034 -0.97952994
v 0.01756769 0.09963135 -0.99486932
v 0.00000000 0.00000000 -1.00000000
v 0.00000000 0.00000000 1.00000000
v 0.00756032 0.10088543 0.99486932
v 0.01504306 0.20073565 0.97952994
v 0.02237143 0.29852604 0.95413926
v 0.02947025 0.39325316 0.91895781
v 0.03626666 0.48394496 0.87434662
v 0.04269093 0.56967083 0.82076344
v 0.04867713 0.64955111 0.75875812
v 0.05416383 0.72276612 0.68896692
v 0.05909474 0.78856457 0.61210598
v 0.06341926 0.84627128 0.52896401
v 0.06709302 0.89529410 0.44039415
v 0.07007830 0.93512999 0.34730525
v 0.07234449 0.96537018 0.25065253
v 0.07386833 0.98570437 0.15142778
v 0.07463418 0.99592389 0.05064917
v 0.07463418 0.99592389 -0.05064917
v 0.07386833 0.98570437 -0.15142778
v 0.07234449 0.96537018 -0.25065253
v 0.07007830 0.93512999 -0.34730525
v 0.06709302 0.89529410 -0.44039415
v 0.06341926 0.84627128 -0.52896401
v 0.05909474 0.78856457 -0.61210598
v 0.05416383 0.72276612 -0.68896692
v 0.04867713 0.64955111 -0.75875812
v 0.04269093 0.56967083 -0.82076344
v 0.03626666 0.48394496 -0.87434662
v 0.02947025 0.39325316 -0.91895781
v 0.02237143 0.29852604 -0.95413926
v 0.01504306 0.20073565 -0.97952994
v 0.00756032 0.10088543 -0.99486932
v 0.00000000 0.00000000 -1.00000000
v -0.00000000 0.00000000 1.00000000
v -0.00252220 0.10113688 0.99486932
v -0.00501851 0.20123595 0.97952994
v -0.00746333 0.29927008 0.95413926
v -0.00983156 0.39423328 0.91895781
v -0.01209891 0.48515112 0.87434662
v -0.01424211 0.57109065 0.82076344
v -0.01623917 0.65117002 0.75875812
v -0.01806959 0.72456751 0.68896692
v -0.01971459 0.79052995 0.61210598
v -0.02115729 0.84838048 0.52896401
v -0.02238289 0.89752549 0.44039415
v -0.02337881 0.93746066 0.34730525
v -0.02413483 0.96777622 0.25065253
v -0.02464320 0.98816109 0.15142778
v -0.02489869 0.99840609 0.05064917
v -0.02489869 0.99840609 -0.05064917
v -0.02464320 0.98816109 -0.15142778
v -0.02413483 0.96777622 -0.25065253
v -0.02337881 0.93746066 -0.34730525
v -0.02238289 0.89752549 -0.44039415
v -0.02115729 0.84838048 -0.52896401
v -0.01971459 0.79052995 -0.61210598
v -0.01806959 0.72456751 -0.68896692
v -0.01623917 0.65117002 -0.75875812
v -0.01424211 0.57109065 -0.82076344
v -0.01209891 0.48515112 -0.87434662
v -0.00983156 0.39423328 -0.91895781
v -0.00746333 0.29927008 -0.95413926
v -0.00501851 0.20123595 -0.97952994
v -0.00252220 0.10113688 -0.99486932
v -0.00000000 0.00000000 -1.00000000
v -0.00000000 0.00000000 1.00000000
v -0.01257964 0.10038318 0.99486932
v -0.02503020 0.19973628 0.97952994
v -0.03722392 0.29703983 0.95413926
v -0.04903567 0.39129534 0.91895781
v -0.06034424 0.48153563 0.87434662
v -0.07103361 0.56683472 0.82076344
v -0.08099407 0.64631732 0.75875812
v -0.09012342 0.71916782 0.68896692
v -0.09832798 0.78463869 0.61210598
v -0.10552357 0.84205810 0.52896401
v -0.11163634 0.89083686 0.44039415
v -0.11660357 0.93047443 0.34730525
v -0.12037430 0.96056407 0.25065253
v -0.12290981 0.98079703 0.15142778
v -0.12418411 0.99096567 0.05064917
v -0.12418411 0.99096567 -0.05064917
v -0.12290981 0.98079703 -0.15142778
v -0.12037430 0.96056407 -0.25065253
v -0.11660357 0.93047443 -0.34730525
v -0.11163634 0.89083686 -0.44039415
v -0.10552357 0.84205810 -0.52896401
v -0.09832798 0.78463869 -0.61210598
v -0.09012342 0.71916782 -0.68896692
v -0.08099407 0.64631732 -0.75875812
v -0.07103361 0.56683472 -0.82076344
v -0.06034424 0.48153563 -0.87434662
v -0.04903567 0.39129534 -0.91895781
v -0.03722392 0.29703983 -0.95413926
v -0.02503020 0.19973628 -0.97952994
v -0.01257964 0.10038318 -0.99486932
v -0.00000000 0.00000000 -1.00000000
v -0.00000000 0.00000000 1.00000000
v -0.02251207 0.09863182 0.99486932
v -0.04479313 0.19625155 0.97952994
v -0.06661456 0.29185746 0.95413926
v -0.08775243 0.38446853 0.91895781
v -0.10798985 0.47313443 0.87434662
v -0.12711914 0.55694533 0.82076344
v -0.14494401 0.63504121 0.75875812
v -0.16128157 0.70662072 0.68896692
v -0.17596416 0.77094934 0.61210598
v -0.18884111 0.82736697 0.52896401
v -0.19978030 0.87529471 0.44039415
v -0.20866948 0.91424073 0.34730525
v -0.21541742 0.94380540 0.25065253
v -0.21995489 0.96368536 0.15142778
v -0.22223533 0.97367660 0.05064917
v -0.22223533 0.97367660 -0.05064917
v -0.21995489 0.96368536 -0.15142778
v -0.21541742 0.94380540 -0.25065253
v -0.20866948 0.91424073 -0.34730525
v -0.19978030 0.87529471 -0.44039415
v -0.18884111 0.82736697 -0.52896401
v -0.17596416 0.77094934 -0.61210598
v -0.16128157 0.70662072 -0.68896692
v -0.14494401 0.63504121 -0.75875812
v -0.12711914 0.55694533 -0.82076344
v -0.10798985 0.47313443 -0.87434662
v -0.08775243 0.38446853 -0.91895781
v -0.06661456 0.29185746 -0.95413926
v -0.04479313 0.19625155 -0.97952994
v -0.02251207 0.09863182 -0.99486932
v -0.00000000 0.00000000 -1.00000000
v -0.00000000 0.00000000 1.00000000
v -0.03222076 0.09590022 0.99486932
v -0.06411089 0.19081637 0.97952994
v -0.09534316 0.28377449 0.95413926
v -0.12559708 0.37382070 0.91895781
v -0.15456220 0.46003100 0.87434662
v -0.18194130 0.54152076 0.82076344
v -0.20745344 0.61745379 0.75875812
v -0.23083683 0.68705090 0.68896692
v -0.25185152 0.74959795 0.61210598
v -0.27028187 0.80445310 0.52896401
v -0.28593876 0.85105347 0.44039415
v -0.29866154 0.88892089 0.34730525
v -0.30831964 0.91766677 0.25065253
v -0.31481397 0.93699616 0.15142778
v -0.31807787 0.94671069 0.05064917
v -0.31807787 0.94671069 -0.05064917
v -0.31481397 0.93699616 -0.15142778
v -0.30831964 0.91766677 -0.25065253
v -0.29866154 0.88892089 -0.34730525
v -0.28593876 0.85105347 -0.44039415
v -0.27028187 0.80445310 -0.52896401
v -0.25185152 0.74959795 -0.61210598
v -0.23083683 0.68705090 -0.68896692
v -0.20745344 0.61745379 -0.75875812
v -0.18194130 0.54152076 -0.82076344
v -0.15456220 0.46003100 -0.87434662
v -0.12559708 0.37382070 -0.91895781
v -0.09534316 0.28377449 -0.95413926
v -0.06411089 0.19081637 -0.97952994
v -0.03222076 0.09590022 -0.99486932
v -0.00000000 0.00000000 -1.00000000
v -0.00000000 0.00000000 1.00000000
v -0.04160923 0.09221552 0.99486932
v -0.08279149 0.18348478 0.97952994
v -0.12312419 0.27287124 0.95413926
v -0.16219348 0.35945767 0.91895781
v -0.19959844 0.44235558 0.87434662
v -0.23495525 0.52071432 0.82076344
v -0.26790110 0.59372983 0.75875812
v -0.29809793 0.66065287 0.68896692
v -0.32523586 0.72079671 0.61210598
v -0.34903644 0.77354421 0.52896401
v -0.36925543 0.81835409 0.44039415
v -0.38568536 0.85476656 0.34730525
v -0.39815763 0.88240796 0.25065253
v -0.40654427 0.90099466 0.15142778
v -0.41075922 0.91033594 0.05064917
v -0.41075922 0.91033594 -0.05064917
v -0.40654427 0.90099466 -0.15142778
v -0.39815763 0.88240796 -0.25065253
v -0.38568536 0.85476656 -0.34730525
v -0.36925543 0.81835409 -0.44039415
v -0.34903644 0.77354421 -0.52896401
v -0.32523586 0.72079671 -0.61210598
v -0.29809793 0.66065287 -0.68896692
v -0.26790110 0.59372983 -0.75875812
v -0.23495525 0.52071432 -0.82076344
v -0.19959844 0.44235558 -0.87434662
v -0.16219348 0.35945767 -0.91895781
v -0.12312419 0.27287124 -0.95413926
v -0.08279149 0.18348478 -0.97952994
v -0.04160923 0.09221552 -0.99486932
v -0.00000000 0.00000000 -1.00000000
v -0.00000000 0.00000000 1.00000000
v -0.05058416 0.08761434 0.99486932
v -0.10064926 0.17432963 0.97952994
v -0.14968156 0.25925607 0.95413926
v -0.19717793 0.34152219 0.91895781
v -0.24265098 0.42028383 0.87434662
v -0.28563411 0.49473279 0.82076344
v -0.32568624 0.56410512 0.75875812
v -0.36239639 0.62768897 0.68896692
v -0.39538787 0.68483188 0.61210598
v -0.42432213 0.73494749 0.52896401
v -0.44890227 0.77752154 0.44039415
v -0.46887607 0.81211717 0.34730525
v -0.48403856 0.83837938 0.25065253
v -0.49423416 0.85603868 0.15142778
v -0.49935825 0.86491387 0.05064917
v -0.49935825 0.86491387 -0.05064917
v -0.49423416 0.85603868 -0.15142778
v -0.48403856 0.83837938 -0.25065253
v -0.46887607 0.81211717 -0.34730525
v -0.44890227 0.77752154 -0.44039415
v -0.42432213 0.73494749 -0.52896401
v -0.39538787 0.68483188 -0.61210598
v -0.36239639 0.62768897 -0.68896692
v -0.32568624 0.56410512 -0.75875812
v -0.28563411 0.49473279 -0.82076344
v -0.24265098 0.42028383 -0.87434662
v -0.19717793 0.34152219 -0.91895781
v -0.14968156 0.25925607 -0.95413926
v -0.10064926 0.17432963 -0.97952994
v -0.05058416 0.08761434 -0.99486932
v -0.00000000 0.00000000 -1.00000000
v -0.00000000 0.00000000 1.00000000
v -0.05905637 0.08214241 0.99486932
v -0.11750674 0.16344192 0.97952994
v -0.17475133 0.24306430 0.95413926
v -0.23020274 0.32019251 0.91895781
v -0.28329195 0.39403511 0.87434662
v -0.33347421 0.46383438 0.82076344
v -0.38023457 0.52887407 0.75875812
v -0.42309320 0.58848681 0.68896692
v -0.46161033 0.64206087 0.61210598
v -0.49539072 0.68904653 0.52896401
v -0.52408772 0.72896163 0.44039415
v -0.54740687 0.76139660 0.34730525
v -0.56510889 0.78601861 0.25065253
v -0.57701213 0.80257500 0.15142778
v -0.58299444 0.81089589 0.05064917
v -0.58299444 0.81089589 -0.05064917
v -0.57701213 0.80257500 -0.15142778
v -0.56510889 0.78601861 -0.25065253
v -0.54740687 0.76139660 -0.34730525
v -0.52408772 0.72896163 -0.44039415
v -0.49539072 0.68904653 -0.52896401
v -0.46161033 0.64206087 -0.61210598
v -0.42309320 0.58848681 -0.68896692
v -0.38023457 0.52887407 -0.75875812
v -0.33347421 0.46383438 -0.82076344
v -0.28329195 0.39403511 -0.87434662
v -0.23020274 0.32019251 -0.91895781
v -0.17475133 0.24306430 -0.95413926
v -0.11750674 0.16344192 -0.97952994
v -0.05905637 0.08214241 -0.99486932
v -0.00000000 0.00000000 -1.00000000
v -0.00000000 0.00000000 1.00000000
v -0.06694165 0.07585411 0.99486932
v -0.13319638 0.15092985 0.97952994
v -0.19808434 0.22445684 0.95413926
v -0.26093968 0.29568061 0.91895781
v -0.32111744 0.36387029 0.87434662
v -0.37800009 0.42832617 0.82076344
v -0.43100395 0.48838684 0.75875812
v -0.47958512 0.54343601 0.68896692
v -0.52324511 0.59290878 0.61210598
v -0.56153589 0.63629751 0.52896401
v -0.59406455 0.67315697 0.44039415
v -0.62049731 0.70310892 0.34730525
v -0.64056292 0.72584603 0.25065253
v -0.65405549 0.74113497 0.15142778
v -0.66083657 0.74881886 0.05064917
v -0.66083657 0.74881886 -0.05064917
v -0.65405549 0.74113497 -0.15142778
v -0.64056292 0.72584603 -0.25065253
v -0.62049731 0.70310892 -0.34730525
v -0.59406455 0.67315697 -0.44039415
v -0.56153589 0.63629751 -0.52896401
v -0.52324511 0.59290878 -0.61210598
v -0.47958512 0.54343601 -0.68896692
v -0.43100395 0.48838684 -0.75875812
v -0.37800009 0.42832617 -0.82076344
v -0.32111744 0.36387029 -0.87434662
v -0.26093968 0.29568061 -0.91895781
v -0.19808434 0.22445684 -0.95413926
v -0.13319638 0.15092985 -0.97952994
v -0.06694165 0.07585411 -0.99486932
v -0.00000000 0.00000000 -1.00000000
v -0.00000000 0.00000000 1.00000000
v -0.07416163 0.06881193 0.99486932
v -0.14756226 0.13691777 0.97952994
v -0.21944870 0.20361863 0.95413926
v -0.28908330 0.26823010 0.91895781
v -0.35575151 0.33008916 0.87434662
v -0.41876923 0.38856107 0.82076344
v -0.47748982 0.44304580 0.75875812
v -0.53131071 0.49298429 0.68896692
v -0.57967963 0.53786410 0.61210598
v -0.62210026 0.57722469 0.52896401
v -0.65813730 0.61066217 0.44039415
v -0.68742096 0.63783344 0.34730525
v -0.70965074 0.65845966 0.25065253
v -0.72459856 0.67232921 0.15142778
v -0.73211101 0.67929974 0.05064917
v -0.73211101 0.67929974 -0.05064917
v -0.72459856 0.67232921 -0.15142778
v -0.70965074 0.65845966 -0.25065253
v -0.68742096 0.63783344 -0.34730525
v -0.65813730 0.61066217 -0.44039415
v -0.62210026 0.57722469 -0.52896401
v -0.57967963 0.53786410 -0.61210598
v -0.53131071 0.49298429 -0.68896692
v -0.47748982 0.44304580 -0.75875812
v -0.41876923 0.38856107 -0.82076344
v -0.35575151 0.33008916 -0.87434662
v -0.28908330 0.26823010 -0.91895781
v -0.21944870 0.20361863 -0.95413926
v -0.14756226 0.13691777 -0.97952994
v -0.07416163 0.06881193 -0.99486932
v -0.00000000 0.00000000 -1.00000000
v -0.00000000 0.00000000 1.00000000
v -0.08064456 0.06108588 0.99486932
v -0.16046159 0.12154493 0.97952994
v -0.23863208 0.18075677 0.95413926
v -0.31435387 0.23811380 0.91895781
v -0.38684997 0.29302747 0.87434662
v -0.45537646 0.34493427 0.82076344
v -0.51923018 0.39330158 0.75875812
v -0.57775589 0.43763308 0.68896692
v -0.63035305 0.47747388 0.61210598
v -0.67648192 0.51241515 0.52896401
v -0.71566918 0.54209834 0.44039415
v -0.74751271 0.56621887 0.34730525
v -0.77168574 0.58452923 0.25065253
v -0.78794023 0.59684153 0.15142778
v -0.79610939 0.60302943 0.05064917
v -0.79610939 0.60302943 -0.05064917
v -0.78794023 0.59684153 -0.15142778
v -0.77168574 0.58452923 -0.25065253
v -0.74751271 0.56621887 -0.34730525
v -0.71566918 0.54209834 -0.44039415
v -0.67648192 0.51241515 -0.52896401
v -0.63035305 0.47747388 -0.61210598
v -0.57775589 0.43763308 -0.68896692
v -0.51923018 0.39330158 -0.75875812
v -0.45537646 0.34493427 -0.82076344
v -0.38684997 0.29302747 -0.87434662
v -0.31435387 0.23811380 -0.91895781
v -0.23863208 0.18075677 -0.95413926
v -0.16046159 0.12154493 -0.97952994
v -0.08064456 0.06108588 -0.99486932
v -0.00000000 0.00000000 -1.00000000
v -0.00000000 0.00000000 1.00000000
v -0.08632601 0.05275272 0.99486932
v -0.17176619 0.10496413 0.97952994
v -0.25544382 0.15609847 0.95413926
v -0.33650026 0.20563103 0.91895781
v -0.41410374 0.25305353 0.87434662
v -0.48745796 0.29787936 0.82076344
v -0.55581020 0.33964854 0.75875812
v -0.61845908 0.37793247 0.68896692
v -0.67476173 0.41233831 0.61210598
v -0.72414041 0.44251299 0.52896401
v -0.76608843 0.46814689 0.44039415
v -0.80017534 0.48897697 0.34730525
v -0.82605138 0.50478949 0.25065253
v -0.84345101 0.51542218 0.15142778
v -0.85219569 0.52076595 0.05064917
v -0.85219569 0.52076595 -0.05064917
v -0.84345101 0.51542218 -0.15142778
v -0.82605138 0.50478949 -0.25065253
v -0.80017534 0.48897697 -0.34730525
v -0.76608843 0.46814689 -0.44039415
v -0.72414041 0.44251299 -0.52896401
v -0.67476173 0.41233831 -0.61210598
v -0.61845908 0.37793247 -0.68896692
v -0.55581020 0.33964854 -0.75875812
v -0.48745796 0.29787936 -0.82076344
v -0.41410374 0.25305353 -0.87434662
v -0.33650026 0.20563103 -0.91895781
v -0.25544382 0.15609847 -0.95413926
v -0.17176619 0.10496413 -0.97952994
v -0.08632601 0.05275272 -0.99486932
v -0.00000000 0.00000000 -1.00000000
v -0.00000000 0.00000000 1.00000000
v -0.09114951 0.04389529 0.99486932
v -0.18136370 0.08734015 0.97952994
v -0.26971685 0.12988879 0.95413926
v -0.35530235 0.17110459 0.91895781
v -0.43724196 0.21056463 0.87434662
v -0.51469488 0.24786399 0.82076344
v -0.58686633 0.28261993 0.75875812
v -0.65301574 0.31447580 0.68896692
v -0.71246432 0.34310473 0.61210598
v -0.76460206 0.36821294 0.52896401
v -0.80889394 0.38954279 0.44039415
v -0.84488548 0.40687540 0.34730525
v -0.87220735 0.42003292 0.25065253
v -0.89057919 0.42888033 0.15142778
v -0.89981248 0.43332685 0.05064917
v -0.89981248 0.43332685 -0.05064917
v -0.89057919 0.42888033 -0.15142778
v -0.87220735 0.42003292 -0.25065253
v -0.84488548 0.40687540 -0.34730525
v -0.80889394 0.38954279 -0.44039415
v -0.76460206 0.36821294 -0.52896401
v -0.71246432 0.34310473 -0.61210598
v -0.65301574 0.31447580 -0.68896692
v -0.58686633 0.28261993 -0.75875812
v -0.51469488 0.24786399 -0.82076344
v -0.43724196 0.21056463 -0.87434662
v -0.35530235 0.17110459 -0.91895781
v -0.26971685 0.12988879 -0.95413926
v -0.18136370 0.08734015 -0.97952994
v -0.09114951 0.04389529 -0.99486932
v -0.00000000 0.00000000 -1.00000000
v -0.00000000 0.00000000 1.00000000
v -0.09506713 0.03460160 0.99486932
v -0.18915873 0.06884815 0.97952994
v -0.28130932 0.10238822 0.95413926
v -0.37057329 0.13487765 0.91895781
v -0.45603467 0.16598305 0.87434662
v -0.53681653 0.19538524 0.82076344
v -0.61208992 0.22278251 0.75875812
v -0.68108243 0.24789373 0.68896692
v -0.74308612 0.27046123 0.61210598
v -0.79746475 0.29025343 0.52896401
v -0.84366030 0.30706724 0.44039415
v -0.88119876 0.32073012 0.34730525
v -0.90969492 0.33110187 0.25065253
v -0.92885639 0.33807608 0.15142778
v -0.93848653 0.34158116 0.05064917
v -0.93848653 0.34158116 -0.05064917
v -0.92885639 0.33807608 -0.15142778
v -0.90969492 0.33110187 -0.25065253
v -0.88119876 0.32073012 -0.34730525
v -0.84366030 0.30706724 -0.44039415
v -0.79746475 0.29025343 -0.52896401
v -0.74308612 0.27046123 -0.61210598
v -0.68108243 0.24789373 -0.68896692
v -0.61208992 0.22278251 -0.75875812
v -0.53681653 0.19538524 -0.82076344
v -0.45603467 0.16598305 -0.87434662
v -0.37057329 0.13487765 -0.91895781
v -0.28130932 0.10238822 -0.95413926
v -0.18915873 0.06884815 -0.97952994
v -0.09506713 0.03460160 -0.99486932
v -0.00000000 0.00000000 -1.00000000
v -0.00000000 0.00000000 1.00000000
v -0.09803992 0.02496403 0.99486932
v -0.19507382 0.04967190 0.97952994
v -0.29010600 0.07387007 0.95413926
v -0.38216130 0.09731022 0.91895781
v -0.47029511 0.11975185 0.87434662
v -0.55360305 0.14096466 0.82076344
v -0.63123028 0.16073098 0.75875812
v -0.70238023 0.17884798 0.68896692
v -0.76632281 0.19512976 0.61210598
v -0.82240187 0.20940925 0.52896401
v -0.87004199 0.22153991 0.44039415
v -0.90875429 0.23139728 0.34730525
v -0.93814155 0.23888019 0.25065253
v -0.95790220 0.24391187 0.15142778
v -0.96783348 0.24644069 0.05064917
v -0.96783348 0.24644069 -0.05064917
v -0.95790220 0.24391187 -0.15142778
v -0.93814155 0.23888019 -0.25065253
v -0.90875429 0.23139728 -0.34730525
v -0.87004199 0.22153991 -0.44039415
v -0.82240187 0.20940925 -0.52896401
v -0.76632281 0.19512976 -0.61210598
v -0.70238023 0.17884798 -0.68896692
v -0.63123028 0.16073098 -0.75875812
v -0.55360305 0.14096466 -0.82076344
v -0.47029511 0.11975185 -0.87434662
v -0.38216130 0.09731022 -0.91895781
v -0.29010600 0.07387007 -0.95413926
v -0.19507382 0.04967190 -0.97952994
v -0.09803992 0.02496403 -0.99486932
v -0.00000000 0.00000000 -1.00000000
v -0.00000000 0.00000000 1.00000000
v -0.10003836 0.01507836 0.99486932
v -0.19905018 0.03000199 0.97952994
v -0.29601948 0.04461776 0.95413926
v -0.38995123 0.05877569 0.91895781
v -0.47988154 0.07233050 0.87434662
v -0.56488762 0.08514311 0.82076344
v -0.64409719 0.09708203 0.75875812
v -0.71669745 0.10802476 0.68896692
v -0.78194343 0.11785901 0.61210598
v -0.83916560 0.12648386 0.52896401
v -0.88777680 0.13381082 0.44039415
v -0.92727822 0.13976470 0.34730525
v -0.95726450 0.14428441 0.25065253
v -0.97742795 0.14732356 0.15142778
v -0.98756167 0.14885097 0.05064917
v -0.98756167 0.14885097 -0.05064917
v -0.97742795 0.14732356 -0.15142778
v -0.95726450 0.14428441 -0.25065253
v -0.92727822 0.13976470 -0.34730525
v -0.88777680 0.13381082 -0.44039415
v -0.83916560 0.12648386 -0.52896401
v -0.78194343 0.11785901 -0.61210598
v -0.71669745 0.10802476 -0.68896692
v -0.64409719 0.09708203 -0.75875812
v -0.56488762 0.08514311 -0.82076344
v -0.47988154 0.07233050 -0.87434662
v -0.38995123 0.05877569 -0.91895781
v -0.29601948 0.04461776 -0.95413926
v -0.19905018 0.03000199 -0.97952994
v -0.10003836 0.01507836 -0.99486932
v -0.00000000 0.00000000 -1.00000000
v -0.00000000 0.00000000 1.00000000
v -0.10104256 0.00504282 0.99486932
v -0.20104829 0.01003390 0.97952994
v -0.29899099 0.01492202 0.95413926
v -0.39386564 0.01965702 0.91895781
v -0.48469869 0.02419031 0.87434662
v -0.57055808 0.02847537 0.82076344
v -0.65056278 0.03246824 0.75875812
v -0.72389181 0.03612794 0.68896692
v -0.78979274 0.03941692 0.61210598
v -0.84758933 0.04230142 0.52896401
v -0.89668850 0.04475186 0.44039415
v -0.93658643 0.04674309 0.34730525
v -0.96687372 0.04825466 0.25065253
v -0.98723958 0.04927108 0.15142778
v -0.99747502 0.04978191 0.05064917
v -0.99747502 0.04978191 -0.05064917
v -0.98723958 0.04927108 -0.15142778
v -0.96687372 0.04825466 -0.25065253
v -0.93658643 0.04674309 -0.34730525
v -0.89668850 0.04475186 -0.44039415
v -0.84758933 0.04230142 -0.52896401
v -0.78979274 0.03941692 -0.61210598
v -0.72389181 0.03612794 -0.68896692
v -0.65056278 0.03246824 -0.75875812
v -0.57055808 0.02847537 -0.82076344
v -0.48469869 0.02419031 -0.87434662
v -0.39386564 0.01965702 -0.91895781
v -0.29899099 0.01492202 -0.95413926
v -0.20104829 0.01003390 -0.97952994
v -0.10104256 0.00504282 -0.99486932
v -0.00000000 0.00000000 -1.00000000
v -0.00000000 -0.00000000 1.00000000
v -0.10104256 -0.00504282 0.99486932
v -0.20104829 -0.01003390 0.97952994
v -0.29899099 -0.01492202 0.95413926
v -0.39386564 -0.01965702 0.91895781
v -0.48469869 -0.02419031 0.87434662
v -0.57055808 -0.02847537 0.82076344
v -0.65056278 -0.03246824 0.75875812
v -0.72389181 -0.03612794 0.68896692
v -0.78979274 -0.03941692 0.61210598
v -0.84758933 -0.04230142 0.52896401
v -0.89668850 -0.04475186 0.44039415
v -0.93658643 -0.04674309 0.34730525
v -0.96687372 -0.04825466 0.25065253
v -0.98723958 -0.04927108 0.15142778
v -0.99747502 -0.04978191 0.05064917
v -0.99747502 -0.04978191 -0.05064917
v -0.98723958 -0.04927108 -0.15142778
v -0.96687372 -0.04825466 -0.25065253
v -0.93658643 -0.04674309 -0.34730525
v -0.89668850 -0.04475186 -0.44039415
v -0.84758933 -0.04230142 -0.52896401
v -0.78979274 -0.03941692 -0.61210598
v -0.72389181 -0.03612794 -0.68896692
v -0.65056278 -0.03246824 -0.75875812
v -0.57055808 -0.02847537 -0.82076344
v -0.48469869 -0.02419031 -0.87434662
v -0.39386564 -0.01965702 -0.91895781
v -0.29899099 -0.01492202 -0.95413926
v -0.20104829 -0.01003390 -0.97952994
v -0.10104256 -0.00504282 -0.99486932
v -0.00000000 -0.00000000 -1.00000000
v -0.00000000 -0.00000000 1.00000000
v -0.10003836 -0.01507836 0.99486932
v -0.19905018 -0.03000199 0.97952994
v -0.29601948 -0.04461776 0.95413926
v -0.38995123 -0.05877569 0.91895781
v -0.47988154 -0.07233050 0.87434662
v -0.56488762 -0.08514311 0.82076344
v -0.64409719 -0.09708203 0.75875812
v -0.71669745 -0.10802476 0.68896692
v -0.78194343 -0.11785901 0.61210598
v -0.83916560 -0.12648386 0.52896401
v -0.88777680 -0.13381082 0.44039415
v -0.92727822 -0.13976470 0.34730525
v -0.95726450 -0.14428441 0.25065253
v -0.97742795 -0.14732356 0.15142778
v -0.98756167 -0.14885097 0.05064917
v -0.98756167 -0.14885097 -0.05064917
v -0.97742795 -0.14732356 -0.15142778
v -0.95726450 -0.14428441 -0.25065253
v -0.92727822 -0.13976470 -0.34730525
v -0.88777680 -0.13381082 -0.44039415
v -0.83916560 -0.12648386 -0.52896401
v -0.78194343 -0.11785901 -0.61210598
v -0.71669745 -0.10802476 -0.68896692
v -0.64409719 -0.09708203 -0.75875812
v -0.56488762 -0.08514311 -0.82076344
v -0.47988154 -0.07233050 -0.87434662
v -0.38995123 -0.05877569 -0.91895781
v -0.29601948 -0.04461776 -0.95413926
v -0.19905018 -0.03000199 -0.97952994
v -0.10003836 -0.01507836 -0.99486932
v -0.00000000 -0.00000000 -1.00000000
v -0.00000000 -0.00000000 1.00000000
v -0.09803992 -0.02496403 0.99486932
v -0.19507382 -0.04967190 0.97952994
v -0.29010600 -0.07387007 0.95413926
v -0.38216130 -0.09731022 0.91895781
v -0.47029511 -0.11975185 0.87434662
v -0.55360305 -0.14096466 0.82076344
v -0.63123028 -0.16073098 0.75875812
v -0.70238023 -0.17884798 0.68896692
v -0.76632281 -0.19512976 0.61210598
v -0.82240187 -0.20940925 0.52896401
v -0.87004199 -0.22153991 0.44039415
v -0.90875429 -0.23139728 0.34730525
v -0.93814155 -0.23888019 0.25065253
v -0.95790220 -0.24391187 0.15142778
v -0.96783348 -0.24644069 0.05064917
v -0.96783348 -0.24644069 -0.05064917
v -0.95790220 -0.24391187 -0.15142778
v -0.93814155 -0.23888019 -0.25065253
v -0.90875429 -0.23139728 -0.34730525
v -0.87004199 -0.22153991 -0.44039415
v -0.82240187 -0.20940925 -0.52896401
v -0.76632281 -0.19512976 -0.61210598
v -0.70238023 -0.17884798 -0.68896692
v -0.63123028 -0.16073098 -0.75875812
v -0.55360305 -0.14096466 -0.82076344
v -0.47029511 -0.11975185 -0.87434662
v -0.38216130 -0.09731022 -0.91895781
v -0.29010600 -0.07387007 -0.95413926
v -0.19507382 -0.04967190 -0.97952994
v -0.09803992 -0.02496403 -0.99486932
v -0.00000000 -0.00000000 -1.00000000
v -0.00000000 -0.00000000 1.00000000
v -0.09506713 -0.03460160 0.99486932
v -0.18915873 -0.06884815 0.97952994
v -0.28130932 -0.10238822 0.95413926
v -0.37057329 -0.13487765 0.91895781
v -0.45603467 -0.16598305 0.87434662
v -0.53681653 -0.19538524 0.82076344
v -0.61208992 -0.22278251 0.75875812
v -0.68108243 -0.24789373 0.68896692
v -0.74308612 -0.27046123 0.61210598
v -0.79746475 -0.29025343 0.52896401
v -0.84366030 -0.30706724 0.44039415
v -0.88119876 -0.32073012 0.34730525
v -0.90969492 -0.33110187 0.25065253
v -0.92885639 -0.33807608 0.15142778
v -0.93848653 -0.34158116 0.05064917
v -0.93848653 -0.34158116 -0.05064917
v -0.92885639 -0.33807608 -0.15142778
v -0.90969492 -0.33110187 -0.25065253
v -0.88119876 -0.32073012 -0.34730525
v -0.84366030 -0.30706724 -0.44039415
v -0.79746475 -0.29025343 -0.52896401
v -0.74308612 -0.27046123 -0.61210598
v -0.68108243 -0.24789373 -0.68896692
v -0.61208992 -0.22278251 -0.75875812
v -0.53681653 -0.19538524 -0.82076344
v -0.45603467 -0.16598305 -0.87434662
v -0.37057329 -0.13487765 -0.91895781
v -0.28130932 -0.10238822 -0.95413926
v -0.18915873 -0.06884815 -0.97952994
v -0.09506713 -0.03460160 -0.99486932
v -0.00000000 -0.00000000 -1.00000000
v -0.00000000 -0.00000000 1.00000000
v -0.09114951 -0.04389529 0.99486932
v -0.18136370 -0.08734015 0.97952994
v -0.26971685 -0.12988879 0.95413926
v -0.35530235 -0.17110459 0.91895781
v -0.43724196 -0.21056463 0.87434662
v -0.51469488 -0.24786399 0.82076344
v -0.58686633 -0.28261993 0.75875812
v -0.65301574 -0.31447580 0.68896692
v -0.71246432 -0.34310473 0.61210598
v -0.76460206 -0.36821294 0.52896401
v -0.80889394 -0.38954279 0.44039415
v -0.84488548 -0.40687540 0.34730525
v -0.87220735 -0.42003292 0.25065253
v -0.89057919 -0.42888033 0.15142778
v -0.89981248 -0.43332685 0.05064917
v -0.89981248 -0.43332685 -0.05064917
v -0.89057919 -0.42888033 -0.15142778
v -0.87220735 -0.42003292 -0.25065253
v -0.84488548 -0.40687540 -0.34730525
v -0.80889394 -0.38954279 -0.44039415
v -0.76460206 -0.36821294 -0.52896401
v -0.71246432 -0.34310473 -0.61210598
v -0.65301574 -0.31447580 -0.68896692
v -0.58686633 -0.28261993 -0.75875812
v -0.51469488 -0.24786399 -0.82076344
v -0.43724196 -0.21056463 -0.87434662
v -0.35530235 -0.17110459 -0.91895781
v -0.26971685 -0.12988879 -0.95413926
v -0.18136370 -0.08734015 -0.97952994
v -0.09114951 -0.04389529 -0.99486932
v -0.00000000 -0.00000000 -1.00000000
v -0.00000000 -0.00000000 1.00000000
v -0.08632601 -0.05275272 0.99486932
v -0.17176619 -0.10496413 0.97952994
v -0.25544382 -0.15609847 0.95413926
v -0.33650026 -0.20563103 0.91895781
v -0.41410374 -0.25305353 0.87434662
v -0.48745796 -0.29787936 0.82076344
v -0.55581020 -0.33964854 0.75875812
v -0.61845908 -0.37793247 0.68896692
v -0.67476173 -0.41233831 0.61210598
v -0.72414041 -0.44251299 0.52896401
v -0.76608843 -0.46814689 0.44039415
v -0.80017534 -0.48897697 0.34730525
v -0.82605138 -0.50478949 0.25065253
v -0.84345101 -0.51542218 0.15142778
v -0.85219569 -0.52076595 0.05064917
v -0.85219569 -0.52076595 -0.05064917
v -0.84345101 -0.51542218 -0.15142778
v -0.82605138 -0.50478949 -0.25065253
v -0.80017534 -0.48897697 -0.34730525
v -0.76608843 -0.46814689 -0.44039415
v -0.72414041 -0.44251299 -0.52896401
v -0.67476173 -0.41233831 -0.61210598
v -0.61845908 -0.37793247 -0.68896692
v -0.55581020 -0.33964854 -0.75875812
v -0.48745796 -0.29787936 -0.82076344
v -0.41410374 -0.25305353 -0.87434662
v -0.33650026 -0.20563103 -0.91895781
v -0.25544382 -0.15609847 -0.95413926
v -0.17176619 -0.10496413 -0.97952994
v -0.08632601 -0.05275272 -0.99486932
v -0.00000000 -0.00000000 -1.00000000
v -0.00000000 -0.00000000 1.00000000
v -0.08064456 -0.06108588 0.99486932
v -0.16046159 -0.12154493 0.97952994
v -0.23863208 -0.18075677 0.95413926
v -0.31435387 -0.23811380 0.91895781
v -0.38684997 -0.29302747 0.87434662
v -0.45537646 -0.34493427 0.82076344
v -0.51923018 -0.39330158 0.75875812
v -0.57775589 -0.43763308 0.68896692
v -0.63035305 -0.47747388 0.61210598
v -0.67648192 -0.51241515 0.52896401
v -0.71566918 -0.54209834 0.44039415
v -0.74751271 -0.56621887 0.34730525
v -0.77168574 -0.58452923 0.25065253
v -0.78794023 -0.59684153 0.15142778
v -0.79610939 -0.60302943 0.05064917
v -0.79610939 -0.60302943 -0.05064917
v -0.78794023 -0.59684153 -0.15142778
v -0.77168574 -0.58452923 -0.25065253
v -0.74751271 -0.56621887 -0.34730525
v -0.71566918 -0.54209834 -0.44039415
v -0.67648192 -0.51241515 -0.52896401
v -0.63035305 -0.47747388 -0.61210598
v -0.57775589 -0.43763308 -0.68896692
v -0.51923018 -0.39330158 -0.75875812
v -0.45537646 -0.34493427 -0.82076344
v -0.38684997 -0.29302747 -0.87434662
v -0.31435387 -0.23811380 -0.91895781
v -0.23863208 -0.18075677 -0.95413926
v -0.16046159 -0.12154493 -0.97952994
v -0.08064456 -0.06108588 -0.99486932
v -0.00000000 -0.00000000 -1.00000000
v -0.00000000 -0.00000000 1.00000000
v -0.07416163 -0.06881193 0.99486932
v -0.14756226 -0.13691777 0.97952994
v -0.21944870 -0.20361863 0.95413926
v -0.28908330 -0.26823010 0.91895781
v -0.35575151 -0.33008916 0.87434662
v -0.41876923 -0.38856107 0.82076344
v -0.47748982 -0.44304580 0.75875812
v -0.53131071 -0.49298429 0.68896692
v -0.57967963 -0.53786410 0.61210598
v -0.62210026 -0.57722469 0.52896401
v -0.65813730 -0.61066217 0.44039415
v -0.68742096 -0.63783344 0.34730525
v -0.70965074 -0.65845966 0.25065253
v -0.72459856 -0.67232921 0.15142778
v -0.73211101 -0.67929974 0.05064917
v -0.73211101 -0.67929974 -0.05064917
v -0.72459856 -0.67232921 -0.15142778
v -0.70965074 -0.65845966 -0.25065253
v -0.68742096 -0.63783344 -0.34730525
v -0.65813730 -0.61066217 -0.44039415
v -0.62210026 -0.57722469 -0.52896401
v -0.57967963 -0.53786410 -0.61210598
v -0.53131071 -0.49298429 -0.68896692
v -0.47748982 -0.44304580 -0.75875812
v -0.41876923 -0.38856107 -0.82076344
v -0.35575151 -0.33008916 -0.87434662
v -0.28908330 -0.26823010 -0.91895781
v -0.21944870 -0.20361863 -0.95413926
v -0.14756226 -0.13691777 -0.97952994
v -0.07416163 -0.06881193 -0.99486932
v -0.00000000 -0.00000000 -1.00000000
v -0.00000000 -0.00000000 1.00000000
v -0.06694165 -0.07585411 0.99486932
v -0.13319638 -0.15092985 0.97952994
v -0.19808434 -0.22445684 0.95413926
v -0.26093968 -0.29568061 0.91895781
v -0.32111744 -0.36387029 0.87434662
v -0.37800009 -0.42832617 0.82076344
v -0.43100395 -0.48838684 0.75875812
v -0.47958512 -0.54343601 0.68896692
v -0.52324511 -0.59290878 0.61210598
v -0.56153589 -0.63629751 0.52896401
v -0.59406455 -0.67315697 0.44039415
v -0.62049731 -0.70310892 0.34730525
v -0.64056292 -0.72584603 0.25065253
v -0.65405549 -0.74113497 0.15142778
v -0.66083657 -0.74881886 0.05064917
v -0.66083657 -0.74881886 -0.05064917
v -0.65405549 -0.74113497 -0.15142778
v -0.64056292 -0.72584603 -0.25065253
v -0.62049731 -0.70310892 -0.34730525
v -0.59406455 -0.67315697 -0.44039415
v -0.56153589 -0.63629751 -0.52896401
v -0.52324511 -0.59290878 -0.61210598
v -0.47958512 -0.54343601 -0.68896692
v -0.43100395 -0.48838684 -0.75875812
v -0.37800009 -0.42832617 -0.82076344
v -0.32111744 -0.36387029 -0.87434662
v -0.26093968 -0.29568061 -0.91895781
v -0.19808434 -0.22445684 -0.95413926
v -0.13319638 -0.15092985 -0.97952994
v -0.06694165 -0.07585411 -0.99486932
v -0.00000000 -0.00000000 -1.00000000
v -0.00000000 -0.00000000 1.00000000
v -0.05905637 -0.08214241 0.99486932
v -0.11750674 -0.16344192 0.97952994
v -0.17475133 -0.24306430 0.95413926
v -0.23020274 -0.32019251 0.91895781
v -0.28329195 -0.39403511 0.87434662
v -0.33347421 -0.46383438 0.82076344
v -0.38023457 -0.52887407 0.75875812
v -0.42309320 -0.58848681 0.68896692
v -0.46161033 -0.64206087 0.61210598
v -0.49539072 -0.68904653 0.52896401
v -0.52408772 -0.72896163 0.44039415
v -0.54740687 -0.76139660 0.34730525
v -0.56510889 -0.78601861 0.25065253
v -0.57701213 -0.80257500 0.15142778
v -0.58299444 -0.81089589 0.05064917
v -0.58299444 -0.81089589 -0.05064917
v -0.57701213 -0.80257500 -0.15142778
v -0.56510889 -0.78601861 -0.25065253
v -0.54740687 -0.76139660 -0.34730525
v -0.52408772 -0.72896163 -0.44039415
v -0.49539072 -0.68904653 -0.52896401
v -0.46161033 -0.64206087 -0.61210598
v -0.42309320 -0.58848681 -0.68896692
v -0.38023457 -0.52887407 -0.75875812
v -0.33347421 -0.46383438 -0.82076344
v -0.28329195 -0.39403511 -0.87434662
v -0.23020274 -0.32019251 -0.91895781
v -0.17475133 -0.24306430 -0.95413926
v -0.11750674 -0.16344192 -0.97952994
v -0.05905637 -0.08214241 -0.99486932
v -0.00000000 -0.00000000 -1.00000000
v -0.00000000 -0.00000000 1.00000000
v -0.05058416 -0.08761434 0.99486932
v -0.10064926 -0.17432963 0.97952994
v -0.14968156 -0.25925607 0.95413926
v -0.19717793 -0.34152219 0.91895781
v -0.24265098 -0.42028383 0.87434662
v -0.28563411 -0.49473279 0.82076344
v -0.32568624 -0.56410512 0.75875812
v -0.36239639 -0.62768897 0.68896692
v -0.39538787 -0.68483188 0.61210598
v -0.42432213 -0.73494749 0.52896401
v -0.44890227 -0.77752154 0.44039415
v -0.46887607 -0.81211717 0.34730525
v -0.48403856 -0.83837938 0.25065253
v -0.49423416 -0.85603868 0.15142778
v -0.49935825 -0.86491387 0.05064917
v -0.49935825 -0.86491387 -0.05064917
v -0.49423416 -0.85603868 -0.15142778
v -0.48403856 -0.83837938 -0.25065253
v -0.46887607 -0.81211717 -0.34730525
v -0.44890227 -0.77752154 -0.44039415
v -0.42432213 -0.73494749 -0.52896401
v -0.39538787 -0.68483188 -0.61210598
v -0.36239639 -0.62768897 -0.68896692
v -0.32568624 -0.56410512 -0.75875812
v -0.28563411 -0.49473279 -0.82076344
v -0.24265098 -0.42028383 -0.87434662
v -0.19717793 -0.34152219 -0.91895781
v -0.14968156 -0.25925607 -0.95413926
v -0.10064926 -0.17432963 -0.97952994
v -0.05058416 -0.08761434 -0.99486932
v -0.00000000 -0.00000000 -1.00000000
v -0.00000000 -0.00000000 1.00000000
v -0.04160923 -0.09221552 0.99486932
v -0.08279149 -0.18348478 0.97952994
v -0.12312419 -0.27287124 0.95413926
v -0.16219348 -0.35945767 0.91895781
v -0.19959844 -0.44235558 0.87434662
v -0.23495525 -0.52071432 0.82076344
v -0.26790110 -0.59372983 0.75875812
v -0.29809793 -0.66065287 0.68896692
v -0.32523586 -0.72079671 0.61210598
v -0.34903644 -0.77354421 0.52896401
v -0.36925543 -0.81835409 0.44039415
v -0.38568536 -0.85476656 0.34730525
v -0.39815763 -0.88240796 0.25065253
v -0.40654427 -0.90099466 0.15142778
v -0.41075922 -0.91033594 0.05064917
v -0.41075922 -0.91033594 -0.05064917
v -0.40654427 -0.90099466 -0.15142778
v -0.39815763 -0.88240796 -0.25065253
v -0.38568536 -0.85476656 -0.34730525
v -0.36925543 -0.81835409 -0.44039415
v -0.34903644 -0.77354421 -0.52896401
v -0.32523586 -0.72079671 -0.61210598
v -0.29809793 -0.66065287 -0.68896692
v -0.26790110 -0.59372983 -0.75875812
v -0.23495525 -0.52071432 -0.82076344
v -0.19959844 -0.44235558 -0.87434662
v -0.16219348 -0.35945767 -0.91895781
v -0.12312419 -0.27287124 -0.95413926
v -0.08279149 -0.18348478 -0.97952994
v -0.04160923 -0.09221552 -0.99486932
v -0.00000000 -0.00000000 -1.00000000
v -0.00000000 -0.00000000 1.00000000
v -0.03222076 -0.09590022 0.99486932
v -0.06411089 -0.19081637 0.97952994
v -0.09534316 -0.28377449 0.95413926
v -0.12559708 -0.37382070 0.91895781
v -0.15456220 -0.46003100 0.87434662
v -0.18194130 -0.54152076 0.82076344
v -0.20745344 -0.61745379 0.75875812
v -0.23083683 -0.68705090 0.68896692
v -0.25185152 -0.74959795 0.61210598
v -0.27028187 -0.80445310 0.52896401
v -0.28593876 -0.85105347 0.44039415
v -0.29866154 -0.88892089 0.34730525
v -0.30831964 -0.91766677 0.25065253
v -0.31481397 -0.93699616 0.15142778
v -0.31807787 -0.94671069 0.05064917
v -0.31807787 -0.94671069 -0.05064917
v -0.31481397 -0.93699616 -0.15142778
v -0.30831964 -0.91766677 -0.25065253
v -0.29866154 -0.88892089 -0.34730525
v -0.28593876 -0.85105347 -0.44039415
v -0.27028187 -0.80445310 -0.52896401
v -0.25185152 -0.74959795 -0.61210598
v -0.23083683 -0.68705090 -0.68896692
v -0.20745344 -0.61745379 -0.75875812
v -0.18194130 -0.54152076 -0.82076344
v -0.15456220 -0.46003100 -0.87434662
v -0.12559708 -0.37382070 -0.91895781
v -0.09534316 -0.28377449 -0.95413926
v -0.06411089 -0.19081637 -0.97952994
v -0.03222076 -0.09590022 -0.99486932
v -0.00000000 -0.00000000 -1.00000000
v -0.00000000 -0.00000000 1.00000000
v -0.02251207 -0.09863182 0.99486932
v -0.04479313 -0.19625155 0.97952994
v -0.06661456 -0.29185746 0.95413926
v -0.08775243 -0.38446853 0.91895781
v -0.10798985 -0.47313443 0.87434662
v -0.12711914 -0.55694533 0.82076344
v -0.14494401 -0.63504121 0.75875812
v -0.16128157 -0.70662072 0.68896692
v -0.17596416 -0.77094934 0.61210598
v -0.18884111 -0.82736697 0.52896401
v -0.19978030 -0.87529471 0.44039415
v -0.20866948 -0.91424073 0.34730525
v -0.21541742 -0.94380540 0.25065253
v -0.21995489 -0.96368536 0.15142778
v -0.22223533 -0.97367660 0.05064917
v -0.22223533 -0.97367660 -0.05064917
v -0.21995489 -0.96368536 -0.15142778
v -0.21541742 -0.94380540 -0.25065253
v -0.20866948 -0.91424073 -0.34730525
v -0.19978030 -0.87529471 -0.44039415
v -0.18884111 -0.82736697 -0.52896401
v -0.17596416 -0.77094934 -0.61210598
v -0.16128157 -0.70662072 -0.68896692
v -0.14494401 -0.63504121 -0.75875812
v -0.12711914 -0.55694533 -0.82076344
v -0.10798985 -0.47313443 -0.87434662
v -0.08775243 -0.38446853 -0.91895781
v -0.06661456 -0.29185746 -0.95413926
v -0.04479313 -0.19625155 -0.97952994
v -0.02251207 -0.09863182 -0.99486932
v -0.00000000 -0.00000000 -1.00000000
v -0.00000000 -0.00000000 1.00000000
v -0.01257964 -0.10038318 0.99486932
v -0.02503020 -0.19973628 0.97952994
v -0.03722392 -0.29703983 0.95413926
v -0.04903567 -0.39129534 0.91895781
v -0.06034424 -0.48153563 0.87434662
v -0.07103361 -0.56683472 0.82076344
v -0.08099407 -0.64631732 0.75875812
v -0.09012342 -0.71916782 0.68896692
v -0.09832798 -0.78463869 0.61210598
v -0.10552357 -0.84205810 0.52896401
v -0.11163634 -0.89083686 0.44039415
v -0.11660357 -0.93047443 0.34730525
v -0.12037430 -0.96056407 0.25065253
v -0.12290981 -0.98079703 0.15142778
v -0.12418411 -0.99096567 0.05064917
v -0.12418411 -0.99096567 -0.05064917
v -0.12290981 -0.98079703 -0.15142778
v -0.12037430 -0.96056407 -0.25065253
v -0.11660357 -0.93047443 -0.34730525
v -0.11163634 -0.89083686 -0.44039415
v -0.10552357 -0.84205810 -0.52896401
v -0.09832798 -0.78463869 -0.61210598
v -0.09012342 -0.71916782 -0.68896692
v -0.08099407 -0.64631732 -0.75875812
v -0.07103361 -0.56683472 -0.82076344
v -0.06034424 -0.48153563 -0.87434662
v -0.04903567 -0.39129534 -0.91895781
v -0.03722392 -0.29703983 -0.95413926
v -0.02503020 -0.19973628 -0.97952994
v -0.01257964 -0.10038318 -0.99486932
v -0.00000000 -0.00000000 -1.00000000
v -0.00000000 -0.00000000 1.00000000
v -0.00252220 -0.10113688 0.99486932
v -0.00501851 -0.20123595 0.97952994
v -0.00746333 -0.29927008 0.95413926
v -0.00983156 -0.39423328 0.91895781
v -0.01209891 -0.48515112 0.87434662
v -0.01424211 -0.57109065 0.82076344
v -0.01623917 -0.65117002 0.75875812
v -0.01806959 -0.72456751 0.68896692
v -0.01971459 -0.79052995 0.61210598
v -0.02115729 -0.84838048 0.52896401
v -0.02238289 -0.89752549 0.44039415
v -0.02337881 -0.93746066 0.34730525
v -0.02413483 -0.96777622 0.25065253
v -0.02464320 -0.98816109 0.15142778
v -0.02489869 -0.99840609 0.05064917
v -0.02489869 -0.99840609 -0.05064917
v -0.02464320 -0.98816109 -0.15142778
v -0.02413483 -0.96777622 -0.25065253
v -0.02337881 -0.93746066 -0.34730525
v -0.02238289 -0.89752549 -0.44039415
v -0.02115729 -0.84838048 -0.52896401
v -0.01971459 -0.79052995 -0.61210598
v -0.01806959 -0.72456751 -0.68896692
v -0.01623917 -0.65117002 -0.75875812
v -0.01424211 -0.57109065 -0.82076344
v -0.01209891 -0.48515112 -0.87434662
v -0.00983156 -0.39423328 -0.91895781
v -0.00746333 -0.29927008 -0.95413926
v -0.00501851 -0.20123595 -0.97952994
v -0.00252220 -0.10113688 -0.99486932
v -0.00000000 -0.00000000 -1.00000000
v 0.00000000 -0.00000000 1.00000000
v 0.00756032 -0.10088543 0.99486932
v 0.01504306 -0.20073565 0.97952994
v 0.02237143 -0.29852604 0.95413926
v 0.02947025 -0.39325316 0.91895781
v 0.03626666 -0.48394496 0.87434662
v 0.04269093 -0.56967083 0.82076344
v 0.04867713 -0.64955111 0.75875812
v 0.05416383 -0.72276612 0.68896692
v 0.05909474 -0.78856457 0.61210598
v 0.06341926 -0.84627128 0.52896401
v 0.06709302 -0.89529410 0.44039415
v 0.07007830 -0.93512999 0.34730525
v 0.07234449 -0.96537018 0.25065253
v 0.07386833 -0.98570437 0.15142778
v 0.07463418 -0.99592389 0.05064917
v 0.07463418 -0.99592389 -0.05064917
v 0.07386833 -0.98570437 -0.15142778
v 0.07234449 -0.96537018 -0.25065253
v 0.07007830 -0.93512999 -0.34730525
v 0.06709302 -0.89529410 -0.44039415
v 0.06341926 -0.84627128 -0.52896401
v 0.05909474 -0.78856457 -0.61210598
v 0.05416383 -0.72276612 -0.68896692
v 0.04867713 -0.64955111 -0.75875812
v 0.04269093 -0.56967083 -0.82076344
v 0.03626666 -0.48394496 -0.87434662
v 0.02947025 -0.39325316 -0.91895781
v 0.02237143 -0.29852604 -0.95413926
v 0.01504306 -0.20073565 -0.97952994
v 0.00756032 -0.10088543 -0.99486932
v 0.00000000 -0.00000000 -1.00000000
v 0.00000000 -0.00000000 1.00000000
v 0.01756769 -0.09963135 0.99486932
v 0.03495512 -0.19824034 0.97952994
v 0.05198386 -0.29481512 0.95413926
v 0.06847918 -0.38836470 0.91895781
v 0.08427180 -0.47792914 0.87434662
v 0.09919968 -0.56258937 0.82076344
v 0.11310964 -0.64147667 0.75875812
v 0.12585895 -0.71378156 0.68896692
v 0.13731677 -0.77876208 0.61210598
v 0.14736553 -0.83575144 0.52896401
v 0.15590212 -0.88416487 0.44039415
v 0.16283895 -0.92350557 0.34730525
v 0.16810483 -0.95336985 0.25065253
v 0.17164572 -0.97345127 0.15142778
v 0.17342530 -0.98354376 0.05064917
v 0.17342530 -0.98354376 -0.05064917
v 0.17164572 -0.97345127 -0.15142778
v 0.16810483 -0.95336985 -0.25065253
v 0.16283895 -0.92350557 -0.34730525
v 0.15590212 -0.88416487 -0.44039415
v 0.14736553 -0.83575144 -0.52896401
v 0.13731677 -0.77876208 -0.61210598
v 0.12585895 -0.71378156 -0.68896692
v 0.11310964 -0.64147667 -0.75875812
v 0.09919968 -0.56258937 -0.82076344
v 0.08427180 -0.47792914 -0.87434662
v 0.06847918 -0.38836470 -0.91895781
v 0.05198386 -0.29481512 -0.95413926
v 0.03495512 -0.19824034 -0.97952994
v 0.01756769 -0.09963135 -0.99486932
v 0.00000000 -0.00000000 -1.00000000
v 0.00000000 -0.00000000 1.00000000
v 0.02740048 -0.09738708 0.99486932
v 0.05451979 -0.19377484 0.97952994
v 0.08107965 -0.28817420 0.95413926
v 0.10680752 -0.37961651 0.91895781
v 0.13143941 -0.46716344 0.87434662
v 0.15472255 -0.54991664 0.82076344
v 0.17641803 -0.62702695 0.75875812
v 0.19630322 -0.69770311 0.68896692
v 0.21417407 -0.76121990 0.61210598
v 0.22984721 -0.81692554 0.52896401
v 0.24316180 -0.86424842 0.44039415
v 0.25398123 -0.90270294 0.34730525
v 0.26219446 -0.93189451 0.25065253
v 0.26771722 -0.95152358 0.15142778
v 0.27049285 -0.96138873 0.05064917
v 0.27049285 -0.96138873 -0.05064917
v 0.26771722 -0.95152358 -0.15142778
v 0.26219446 -0.93189451 -0.25065253
v 0.25398123 -0.90270294 -0.34730525
v 0.24316180 -0.86424842 -0.44039415
v 0.22984721 -0.81692554 -0.52896401
v 0.21417407 -0.76121990 -0.61210598
v 0.19630322 -0.69770311 -0.68896692
v 0.17641803 -0.62702695 -0.75875812
v 0.15472255 -0.54991664 -0.82076344
v 0.13143941 -0.46716344 -0.87434662
v 0.10680752 -0.37961651 -0.91895781
v 0.08107965 -0.28817420 -0.95413926
v 0.05451979 -0.19377484 -0.97952994
v 0.02740048 -0.09738708 -0.99486932
v 0.00000000 -0.00000000 -1.00000000
v 0.00000000 -0.00000000 1.00000000
v 0.03696094 -0.09417494 0.99486932
v 0.07354261 -0.18738351 0.97952994
v 0.10936963 -0.27866927 0.95413926
v 0.14407437 -0.36709551 0.91895781
v 0.17730072 -0.45175486 0.87434662
v 0.20870771 -0.53177858 0.82076344
v 0.23797309 -0.60634554 0.75875812
v 0.26479654 -0.67469058 0.68896692
v 0.28890282 -0.73611237 0.61210598
v 0.31004456 -0.78998066 0.52896401
v 0.32800483 -0.83574268 0.44039415
v 0.34259932 -0.87292884 0.34730525
v 0.35367829 -0.90115758 0.25065253
v 0.36112803 -0.92013921 0.15142778
v 0.36487211 -0.92967898 0.05064917
v 0.36487211 -0.92967898 -0.05064917
v 0.36112803 -0.92013921 -0.15142778
v 0.35367829 -0.90115758 -0.25065253
v 0.34259932 -0.87292884 -0.34730525
v 0.32800483 -0.83574268 -0.44039415
v 0.31004456 -0.78998066 -0.52896401
v 0.28890282 -0.73611237 -0.61210598
v 0.26479654 -0.67469058 -0.68896692
v 0.23797309 -0.60634554 -0.75875812
v 0.20870771 -0.53177858 -0.82076344
v 0.17730072 -0.45175486 -0.87434662
v 0.14407437 -0.36709551 -0.91895781
v 0.10936963 -0.27866927 -0.95413926
v 0.07354261 -0.18738351 -0.97952994
v 0.03696094 -0.09417494 -0.99486932
v 0.00000000 -0.00000000 -1.00000000
v 0.00000000 -0.00000000 1.00000000
v 0.04615407 -0.09002684 0.99486932
v 0.09183453 -0.17912988 0.97952994
v 0.13657265 -0.26639480 0.95413926
v 0.17990934 -0.35092616 0.91895781
v 0.22139993 -0.43185654 0.87434662
v 0.26061865 -0.50835548 0.82076344
v 0.29716307 -0.57963801 0.75875812
v 0.33065819 -0.64497267 0.68896692
v 0.36076032 -0.70368904 0.61210598
v 0.38716055 -0.75518460 0.52896401
v 0.40958800 -0.79893095 0.44039415
v 0.42781252 -0.83447919 0.34730525
v 0.44164710 -0.86146454 0.25065253
v 0.45094978 -0.87961010 0.15142778
v 0.45562511 -0.88872966 0.05064917
v 0.45562511 -0.88872966 -0.05064917
v 0.45094978 -0.87961010 -0.15142778
v 0.44164710 -0.86146454 -0.25065253
v 0.42781252 -0.83447919 -0.34730525
v 0.40958800 -0.79893095 -0.44039415
v 0.38716055 -0.75518460 -0.52896401
v 0.36076032 -0.70368904 -0.61210598
v 0.33065819 -0.64497267 -0.68896692
v 0.29716307 -0.57963801 -0.75875812
v 0.26061865 -0.50835548 -0.82076344
v 0.22139993 -0.43185654 -0.87434662
v 0.17990934 -0.35092616 -0.91895781
v 0.13657265 -0.26639480 -0.95413926
v 0.09183453 -0.17912988 -0.97952994
v 0.04615407 -0.09002684 -0.99486932
v 0.00000000 -0.00000000 -1.00000000
v 0.00000000 -0.00000000 1.00000000
v 0.05488850 -0.08498401 0.99486932
v 0.10921376 -0.16909598 0.97952994
v 0.16241834 -0.25147278 0.95413926
v 0.21395630 -0.33126914 0.91895781
v 0.26329877 -0.40766623 0.87434662
v 0.30993944 -0.47988011 0.82076344
v 0.35339971 -0.54716977 0.75875812
v 0.39323362 -0.60884473 0.68896692
v 0.42903242 -0.66427212 0.61210598
v 0.46042877 -0.71288318 0.52896401
v 0.48710050 -0.75417909 0.44039415
v 0.50877392 -0.78773610 0.34730525
v 0.52522662 -0.81320988 0.25065253
v 0.53628980 -0.83033902 0.15142778
v 0.54184991 -0.83894776 0.05064917
v 0.54184991 -0.83894776 -0.05064917
v 0.53628980 -0.83033902 -0.15142778
v 0.52522662 -0.81320988 -0.25065253
v 0.50877392 -0.78773610 -0.34730525
v 0.48710050 -0.75417909 -0.44039415
v 0.46042877 -0.71288318 -0.52896401
v 0.42903242 -0.66427212 -0.61210598
v 0.39323362 -0.60884473 -0.68896692
v 0.35339971 -0.54716977 -0.75875812
v 0.30993944 -0.47988011 -0.82076344
v 0.26329877 -0.40766623 -0.87434662
v 0.21395630 -0.33126914 -0.91895781
v 0.16241834 -0.25147278 -0.95413926
v 0.10921376 -0.16909598 -0.97952994
v 0.05488850 -0.08498401 -0.99486932
v 0.00000000 -0.00000000 -1.00000000
v 0.00000000 -0.00000000 1.00000000
v 0.06307742 -0.07909658 0.99486932
v 0.12550757 -0.15738152 0.97952994
v 0.18664985 -0.23405151 0.95413926
v 0.24587685 -0.30831982 0.91895781
v 0.30258082 -0.37942435 0.87434662
v 0.35617991 -0.44663548 0.82076344
v 0.40612410 -0.50926351 0.75875812
v 0.45190091 -0.56666582 0.68896692
v 0.49304061 -0.61825337 0.61210598
v 0.52912104 -0.66349680 0.52896401
v 0.55977197 -0.70193185 0.44039415
v 0.58467889 -0.73316414 0.34730525
v 0.60358621 -0.75687317 0.25065253
v 0.61629992 -0.77281566 0.15142778
v 0.62268956 -0.78082801 0.05064917
v 0.62268956 -0.78082801 -0.05064917
v 0.61629992 -0.77281566 -0.15142778
v 0.60358621 -0.75687317 -0.25065253
v 0.58467889 -0.73316414 -0.34730525
v 0.55977197 -0.70193185 -0.44039415
v 0.52912104 -0.66349680 -0.52896401
v 0.49304061 -0.61825337 -0.61210598
v 0.45190091 -0.56666582 -0.68896692
v 0.40612410 -0.50926351 -0.75875812
v 0.35617991 -0.44663548 -0.82076344
v 0.30258082 -0.37942435 -0.87434662
v 0.24587685 -0.30831982 -0.91895781
v 0.18664985 -0.23405151 -0.95413926
v 0.12550757 -0.15738152 -0.97952994
v 0.06307742 -0.07909658 -0.99486932
v 0.00000000 -0.00000000 -1.00000000
v 0.00000000 -0.00000000 1.00000000
v 0.07063945 -0.07242305 0.99486932
v 0.14055404 -0.14410294 0.97952994
v 0.20902635 -0.21430414 0.95413926
v 0.27535378 -0.28230628 0.91895781
v 0.33885570 -0.34741159 0.87434662
v 0.39888050 -0.40895198 0.82076344
v 0.45481225 -0.46629597 0.75875812
v 0.50607701 -0.51885513 0.68896692
v 0.55214873 -0.56609014 0.61210598
v 0.59255467 -0.60751629 0.52896401
v 0.62688018 -0.64270851 0.44039415
v 0.65477306 -0.67130566 0.34730525
v 0.67594709 -0.69301432 0.25065253
v 0.69018498 -0.70761170 0.15142778
v 0.69734064 -0.71494804 0.05064917
v 0.69734064 -0.71494804 -0.05064917
v 0.69018498 -0.70761170 -0.15142778
v 0.67594709 -0.69301432 -0.25065253
v 0.65477306 -0.67130566 -0.34730525
v 0.62688018 -0.64270851 -0.44039415
v 0.59255467 -0.60751629 -0.52896401
v 0.55214873 -0.56609014 -0.61210598
v 0.50607701 -0.51885513 -0.68896692
v 0.45481225 -0.46629597 -0.75875812
v 0.39888050 -0.40895198 -0.82076344
v 0.33885570 -0.34741159 -0.87434662
v 0.27535378 -0.28230628 -0.91895781
v 0.20902635 -0.21430414 -0.95413926
v 0.14055404 -0.14410294 -0.97952994
v 0.07063945 -0.07242305 -0.99486932
v 0.00000000 -0.00000000 -1.00000000
v 0.00000000 -0.00000000 1.00000000
v 0.07749943 -0.06502974 0.99486932
v 0.15420361 -0.12939219 0.97952994
v 0.22932546 -0.19242691 0.95413926
v 0.30209411 -0.25348706 0.91895781
v 0.37176287 -0.31194609 0.87434662
v 0.43761684 -0.36720413 0.82076344
v 0.49898027 -0.41869416 0.75875812
v 0.55522349 -0.46588782 0.68896692
v 0.60576936 -0.50830085 0.61210598
v 0.65009922 -0.54549801 0.52896401
v 0.68775818 -0.57709763 0.44039415
v 0.71835981 -0.60277545 0.34730525
v 0.74159010 -0.62226798 0.25065253
v 0.75721067 -0.63537519 0.15142778
v 0.76506123 -0.64196260 0.05064917
v 0.76506123 -0.64196260 -0.05064917
v 0.75721067 -0.63537519 -0.15142778
v 0.74159010 -0.62226798 -0.25065253
v 0.71835981 -0.60277545 -0.34730525
v 0.68775818 -0.57709763 -0.44039415
v 0.65009922 -0.54549801 -0.52896401
v 0.60576936 -0.50830085 -0.61210598
v 0.55522349 -0.46588782 -0.68896692
v 0.49898027 -0.41869416 -0.75875812
v 0.43761684 -0.36720413 -0.82076344
v 0.37176287 -0.31194609 -0.87434662
v 0.30209411 -0.25348706 -0.91895781
v 0.22932546 -0.19242691 -0.95413926
v 0.15420361 -0.12939219 -0.97952994
v 0.07749943 -0.06502974 -0.99486932
v 0.00000000 -0.00000000 -1.00000000
v 0.00000000 -0.00000000 1.00000000
v 0.08358919 -0.05699015 0.99486932
v 0.16632064 -0.11339549 0.97952994
v 0.24734542 -0.16863725 0.95413926
v 0.32583210 -0.22214856 0.91895781
v 0.40097530 -0.27338033 0.87434662
v 0.47200395 -0.32180684 0.82076344
v 0.53818920 -0.36693118 0.75875812
v 0.59885190 -0.40829031 0.68896692
v 0.65336958 -0.44545983 0.61210598
v 0.70118279 -0.47805833 0.52896401
v 0.74180092 -0.50575131 0.44039415
v 0.77480717 -0.52825459 0.34730525
v 0.79986285 -0.54533726 0.25065253
v 0.81671086 -0.55682403 0.15142778
v 0.82517830 -0.56259704 0.05064917
v 0.82517830 -0.56259704 -0.05064917
v 0.81671086 -0.55682403 -0.15142778
v 0.79986285 -0.54533726 -0.25065253
v 0.77480717 -0.52825459 -0.34730525
v 0.74180092 -0.50575131 -0.44039415
v 0.70118279 -0.47805833 -0.52896401
v 0.65336958 -0.44545983 -0.61210598
v 0.59885190 -0.40829031 -0.68896692
v 0.53818920 -0.36693118 -0.75875812
v 0.47200395 -0.32180684 -0.82076344
v 0.40097530 -0.27338033 -0.87434662
v 0.32583210 -0.22214856 -0.91895781
v 0.24734542 -0.16863725 -0.95413926
v 0.16632064 -0.11339549 -0.97952994
v 0.08358919 -0.05699015 -0.99486932
v 0.00000000 -0.00000000 -1.00000000
v 0.00000000 -0.00000000 1.00000000
v 0.08884820 -0.04838415 0.99486932
v 0.17678470 -0.09627182 0.97952994
v 0.26290715 -0.14317160 0.95413926
v 0.34633182 -0.18860226 0.91895781
v 0.42620265 -0.23209759 0.87434662
v 0.50170007 -0.27321130 0.82076344
v 0.57204937 -0.31152148 0.75875812
v 0.63652866 -0.34663503 0.68896692
v 0.69447631 -0.37819164 0.61210598
v 0.74529770 -0.40586749 0.52896401
v 0.78847132 -0.42937859 0.44039415
v 0.82355415 -0.44848369 0.34730525
v 0.85018621 -0.46298673 0.25065253
v 0.86809421 -0.47273891 0.15142778
v 0.87709438 -0.47764014 0.05064917
v 0.87709438 -0.47764014 -0.05064917
v 0.86809421 -0.47273891 -0.15142778
v 0.85018621 -0.46298673 -0.25065253
v 0.82355415 -0.44848369 -0.34730525
v 0.78847132 -0.42937859 -0.44039415
v 0.74529770 -0.40586749 -0.52896401
v 0.69447631 -0.37819164 -0.61210598
v 0.63652866 -0.34663503 -0.68896692
v 0.57204937 -0.31152148 -0.75875812
v 0.50170007 -0.27321130 -0.82076344
v 0.42620265 -0.23209759 -0.87434662
v 0.34633182 -0.18860226 -0.91895781
v 0.26290715 -0.14317160 -0.95413926
v 0.17678470 -0.09627182 -0.97952994
v 0.08884820 -0.04838415 -0.99486932
v 0.00000000 -0.00000000 -1.00000000
v 0.00000000 -0.00000000 1.00000000
v 0.09322420 -0.03929730 0.99486932
v 0.18549180 -0.07819135 0.97952994
v 0.27585600 -0.11628305 0.95413926
v 0.36338954 -0.15318154 0.91895781
v 0.44719421 -0.18850817 0.87434662
v 0.52641007 -0.22190045 0.82076344
v 0.60022425 -0.25301574 0.75875812
v 0.66787931 -0.28153474 0.68896692
v 0.72868103 -0.30716481 0.61210598
v 0.78200550 -0.32964296 0.52896401
v 0.82730553 -0.34873852 0.44039415
v 0.86411628 -0.36425556 0.34730525
v 0.89206004 -0.37603484 0.25065253
v 0.91085005 -0.38395549 0.15142778
v 0.92029350 -0.38793624 0.05064917
v 0.92029350 -0.38793624 -0.05064917
v 0.91085005 -0.38395549 -0.15142778
v 0.89206004 -0.37603484 -0.25065253
v 0.86411628 -0.36425556 -0.34730525
v 0.82730553 -0.34873852 -0.44039415
v 0.78200550 -0.32964296 -0.52896401
v 0.72868103 -0.30716481 -0.61210598
v 0.66787931 -0.28153474 -0.68896692
v 0.60022425 -0.25301574 -0.75875812
v 0.52641007 -0.22190045 -0.82076344
v 0.44719421 -0.18850817 -0.87434662
v 0.36338954 -0.15318154 -0.91895781
v 0.27585600 -0.11628305 -0.95413926
v 0.18549180 -0.07819135 -0.97952994
v 0.09322420 -0.03929730 -0.99486932
v 0.00000000 -0.00000000 -1.00000000
v 0.00000000 -0.00000000 1.00000000
v 0.09667370 -0.02981989 0.99486932
v 0.19235539 -0.05933378 0.97952994
v 0.28606326 -0.08823883 0.95413926
v 0.37683573 -0.11623843 0.91895781
v 0.46374136 -0.14304526 0.87434662
v 0.54588837 -0.16838426 0.82076344
v 0.62243383 -0.19199541 0.75875812
v 0.69259228 -0.21363642 0.68896692
v 0.75564379 -0.23308524 0.61210598
v 0.81094137 -0.25014229 0.52896401
v 0.85791760 -0.26463253 0.44039415
v 0.89609044 -0.27640729 0.34730525
v 0.92506817 -0.28534574 0.25065253
v 0.94455345 -0.29135615 0.15142778
v 0.95434633 -0.29437686 0.05064917
v 0.95434633 -0.29437686 -0.05064917
v 0.94455345 -0.29135615 -0.15142778
v 0.92506817 -0.28534574 -0.25065253
v 0.89609044 -0.27640729 -0.34730525
v 0.85791760 -0.26463253 -0.44039415
v 0.81094137 -0.25014229 -0.52896401
v 0.75564379 -0.23308524 -0.61210598
v 0.69259228 -0.21363642 -0.68896692
v 0.62243383 -0.19199541 -0.75875812
v 0.54588837 -0.16838426 -0.82076344
v 0.46374136 -0.14304526 -0.87434662
v 0.37683573 -0.11623843 -0.91895781
v 0.28606326 -0.08823883 -0.95413926
v 0.19235539 -0.05933378 -0.97952994
v 0.09667370 -0.02981989 -0.99486932
v 0.00000000 -0.00000000 -1.00000000
v 0.00000000 -0.00000000 1.00000000
v 0.09916241 -0.02004611 0.99486932
v 0.19730727 -0.03988653 0.97952994
v 0.29342750 -0.05931765 0.95413926
v 0.38653676 -0.07814009 0.91895781
v 0.47567963 -0.09616071 0.87434662
v 0.55994139 -0.11319459 0.82076344
v 0.63845739 -0.12906695 0.75875812
v 0.71042195 -0.14361490 0.68896692
v 0.77509662 -0.15668916 0.61210598
v 0.83181775 -0.16815559 0.52896401
v 0.88000331 -0.17789651 0.44039415
v 0.91915884 -0.18581197 0.34730525
v 0.94888256 -0.19182075 0.25065253
v 0.96886946 -0.19586119 0.15142778
v 0.97891444 -0.19789182 0.05064917
v 0.97891444 -0.19789182 -0.05064917
v 0.96886946 -0.19586119 -0.15142778
v 0.94888256 -0.19182075 -0.25065253
v 0.91915884 -0.18581197 -0.34730525
v 0.88000331 -0.17789651 -0.44039415
v 0.83181775 -0.16815559 -0.52896401
v 0.77509662 -0.15668916 -0.61210598
v 0.71042195 -0.14361490 -0.68896692
v 0.63845739 -0.12906695 -0.75875812
v 0.55994139 -0.11319459 -0.82076344
v 0.47567963 -0.09616071 -0.87434662
v 0.38653676 -0.07814009 -0.91895781
v 0.29342750 -0.05931765 -0.95413926
v 0.19730727 -0.03988653 -0.97952994
v 0.09916241 -0.02004611 -0.99486932
v 0.00000000 -0.00000000 -1.00000000
v 0.00000000 -0.00000000 1.00000000
v 0.10066559 -0.01007311 0.99486932
v 0.20029822 -0.02004286 0.97952994
v 0.29787552 -0.02980694 0.95413926
v 0.39239621 -0.03926516 0.91895781
v 0.48289039 -0.04832047 0.87434662
v 0.56842946 -0.05687995 0.82076344
v 0.64813567 -0.06485576 0.75875812
v 0.72119113 -0.07216606 0.68896692
v 0.78684619 -0.07873584 0.61210598
v 0.84442715 -0.08449768 0.52896401
v 0.89334315 -0.08939246 0.44039415
v 0.93309223 -0.09336996 0.34730525
v 0.96326653 -0.09638935 0.25065253
v 0.98355640 -0.09841966 0.15142778
v 0.99375366 -0.09944005 0.05064917
v 0.99375366 -0.09944005 -0.05064917
v 0.98355640 -0.09841966 -0.15142778
v 0.96326653 -0.09638935 -0.25065253
v 0.93309223 -0.09336996 -0.34730525
v 0.89334315 -0.08939246 -0.44039415
v 0.84442715 -0.08449768 -0.52896401
v 0.78684619 -0.07873584 -0.61210598
v 0.72119113 -0.07216606 -0.68896692
v 0.64813567 -0.06485576 -0.75875812
v 0.56842946 -0.05687995 -0.82076344
v 0.48289039 -0.04832047 -0.87434662
v 0.39239621 -0.03926516 -0.91895781
v 0.29787552 -0.02980694 -0.95413926
v 0.20029822 -0.02004286 -0.97952994
v 0.10066559 -0.01007311 -0.99486932
v 0.00000000 -0.00000000 -1.00000000
f 2 1 34
f 3 2 34
f 3 34 35
f 4 3 35
f 4 35 36
f 5 4 36
f 5 36 37
f 6 5 37
f 6 37 38
f 7 6 38
f 7 38 39
f 8 7 39
f 8 39 40
f 9 8 40
f 9 40 41
f 10 9 41
f 10 41 42
f 11 10 42
f 11 42 43
f 12 11 43
f 12 43 44
f 13 12 44
f 13 44 45
f 14 13 45
f 14 45 46
f 15 14 46
f 15 46 47
f 16 15 47
f 16 47 48
f 17 16 48
f 17 48 49
f 18 17 49
f 18 49 50
f 19 18 50
f 19 50 51
f 20 19 51
f 20 51 52
f 21 20 52
f 21 52 53
f 22 21 53
f 22 53 54
f 23 22 54
f 23 54 55
f 24 23 55
f 24 55 56
f 25 24 56
f 25 56 57
f 26 25 57
f 26 57 58
f 27 26 58
f 27 58 59
f 28 27 59
f 28 59 60
f 29 28 60
f 29 60 61
f 30 29 61
f 30 61 62
f 31 30 62
f 31 62 63
f 32 31 63
f 34 1 66
f 35 34 66
f 35 66 67
f 36 35 67
f 36 67 68
f 37 36 68
f 37 68 69
f 38 37 69
f 38 69 70
f 39 38 70
f 39 70 71
f 40 39 71
f 40 71 72
f 41 40 72
f 41 72 73
f 42 41 73
f 42 73 74
f 43 42 74
f 43 74 75
f 44 43 75
f 44 75 76
f 45 44 76
f 45 76 77
f 46 45 77
f 46 77 78
f 47 46 78
f 47 78 79
f 48 47 79
f 48 79 80
f 49 48 80
f 49 80 81
f 50 49 81
f 50 81 82
f 51 50 82
f 51 82 83
f 52 51 83
f 52 83 84
f 53 52 84
f 53 84 85
f 54 53 85
f 54 85 86
f 55 54 86
f 55 86 87
f 56 55 87
f 56 87 88
f 57 56 88
f 57 88 89
f 58 57 89
f 58 89 90
f 59 58 90
f 59 90 91
f 60 59 91
f 60 91 92
f 61 60 92
f 61 92 93
f 62 61 93
f 62 93 94
f 63 62 94
f 63 94 95
f 32 63 95
f 66 1 98
f 67 66 98
f 67 98 99
f 68 67 99
f 68 99 100
f 69 68 100
f 69 100 101
f 70 69 101
f 70 101 102
f 71 70 102
f 71 102 103
f 72 71 103
f 72 103 104
f 73 72 104
f 73 104 105
f 74 73 105
f 74 105 106
f 75 74 106
f 75 106 107
f 76 75 107
f 76 107 108
f 77 76 108
f 77 108 109
f 78 77 109
f 78 109 110
f 79 78 110
f 79 110 111
f 80 79 111
f 80 111 112
f 81 80 112
f 81 112 113
f 82 81 113
f 82 113 114
f 83 82 114
f 83 114 115
f 84 83 115
f 84 115 116
f 85 84 116
f 85 116 117
f 86 85 117
f 86 117 118
f 87 86 118
f 87 118 119
f 88 87 119
f 88 119 120
f 89 88 120
f 89 120 121
f 90 89 121
f 90 121 122
f 91 90 122
f 91 122 123
f 92 91 123
f 92 123 124
f 93 92 124
f 93 124 125
f 94 93 125
f 94 125 126
f 95 94 126
f 95 126 127
f 32 95 127
f 98 1 130
f 99 98 130
f 99 130 131
f 100 99 131
f 100 131 132
f 101 100 132
f 101 132 133
f 102 101 133
f 102 133 134
f 103 102 134
f 103 134 135
f 104 103 135
f 104 135 136
f 105 104 136
f 105 136 137
f 106 105 137
f 106 137 138
f 107 106 138
f 107 138 139
f 108 107 139
f 108 139 140
f 109 108 140
f 109 140 141
f 110 109 141
f 110 141 142
f 111 110 142
f 111 142 143
f 112 111 143
f 112 143 144
f 113 112 144
f 113 144 145
f 114 113 145
f 114 145 146
f 115 114 146
f 115 146 147
f 116 115 147
f 116 147 148
f 117 116 148
f 117 148 149
f 118 117 149
f 118 149 150
f 119 118 150
f 119 150 151
f 120 119 151
f 120 151 152
f 121 120 152
f 121 152 153
f 122 121 153
f 122 153 154
f 123 122 154
f 123 154 155
f 124 123 155
f 124 155 156
f 125 124 156
f 125 156 157
f 126 125 157
f 126 157 158
f 127 126 158
f 127 158 159
f 32 127 159
f 130 1 162
f 131 130 162
f 131 162 163
f 132 131 163
f 132 163 164
f 133 132 164
f 133 164 165
f 134 133 165
f 134 165 166
f 135 134 166
f 135 166 167
f 136 135 167
f 136 167 168
f 137 136 168
f 137 168 169
f 138 137 169
f 138 169 170
f 139 138 170
f 139 170 171
f 140 139 171
f 140 171 172
f 141 140 172
f 141 172 173
f 142 141 173
f 142 173 174
f 143 142 174
f 143 174 175
f 144 143 175
f 144 175 176
f 145 144 176
f 145 176 177
f 146 145 177
f 146 177 178
f 147 146 178
f 147 178 179
f 148 147 179
f 148 179 180
f 149 148 180
f 149 180 181
f 150 149 181
f 150 181 182
f 151 150 182
f 151 182 183
f 152 151 183
f 152 183 184
f 153 152 184
f 153 184 185
f 154 153 185
f 154 185 186
f 155 154 186
f 155 186 187
f 156 155 187
f 156 187 188
f 157 156 188
f 157 188 189
f 158 157 189
f 158 189 190
f 159 158 190
f 159 190 191
f 32 159 191
f 162 1 194
f 163 162 194
f 163 194 195
f 164 163 195
f 164 195 196
f 165 164 196
f 165 196 197
f 166 165 197
f 166 197 198
f 167 166 198
f 167 198 199
f 168 167 199
f 168 199 200
f 169 168 200
f 169 200 201
f 170 169 201
f 170 201 202
f 171 170 202
f 171 202 203
f 172 171 203
f 172 203 204
f 173 172 204
f 173 204 205
f 174 173 205
f 174 205 206
f 175 174 206
f 175 206 207
f 176 175 207
f 176 207 208
f 177 176 208
f 177 208 209
f 178 177 209
f 178 209 210
f 179 178 210
f 179 210 211
f 180 179 211
f 180 211 212
f 181 180 212
f 181 212 213
f 182 181 213
f 182 213 214
f 183 182 214
f 183 214 215
f 184 183 215
f 184 215 216
f 185 184 216
f 185 216 217
f 186 185 217
f 186 217 218
f 187 186 218
f 187 218 219
f 188 187 219
f 188 219 220
f 189 188 220
f 189 220 221
f 190 189 221
f 190 221 222
f 191 190 222
f 191 222 223
f 32 191 223
f 194 1 226
f 195 194 226
f 195 226 227
f 196 195 227
f 196 227 228
f 197 196 228
f 197 228 229
f 198 197 229
f 198 229 230
f 199 198 230
f 199 230 231
f 200 199 231
f 200 231 232
f 201 200 232
f 201 232 233
f 202 201 233
f 202 233 234
f 203 202 234
f 203 234 235
f 204 203 235
f 204 235 236
f 205 204 236
f 205 236 237
f 206 205 237
f 206 237 238
f 207 206 238
f 207 238 239
f 208 207 239
f 208 239 240
f 209 208 240
f 209 240 241
f 210 209 241
f 210 241 242
f 211 210 242
f 211 242 243
f 212 211 243
f 212 243 244
f 213 212 244
f 213 244 245
f 214 213 245
f 214 245 246
f 215 214 246
f 215 246 247
f 216 215 247
f 216 247 248
f 217 216 248
f 217 248 249
f 218 217 249
f 218 249 250
f 219 218 250
f 219 250 251
f 220 219 251
f 220 251 252
f 221 220 252
f 221 252 253
f 222 221 253
f 222 253 254
f 223 222 254
f 223 254 255
f 32 223 255
f 226 1 258
f 227 226 258
f 227 258 259
f 228 227 259
f 228 259 260
f 229 228 260
f 229 260 261
f 230 229 261
f 230 261 262
f 231 230 262
f 231 262 263
f 232 231 263
f 232 263 264
f 233 232 264
f 233 264 265
f 234 233 265
f 234 265 266
f 235 234 266
f 235 266 267
f 236 235 267
f 236 267 268
f 237 236 268
f 237 268 269
f 238 237 269
f 238 269 270
f 239 238 270
f 239 270 271
f 240 239 271
f 240 271 272
f 241 240 272
f 241 272 273
f 242 241 273
f 242 273 274
f 243 242 274
f 243 274 275
f 244 243 275
f 244 275 276
f 245 244 276
f 245 276 277
f 246 245 277
f 246 277 278
f 247 246 278
f 247 278 279
f 248 247 279
f 248 279 280
f 249 248 280
f 249 280 281
f 250 249 281
f 250 281 282
f 251 250 282
f 251 282 283
f 252 251 283
f 252 283 284
f 253 252 284
f 253 284 285
f 254 253 285
f 254 285 286
f 255 254 286
f 255 286 287
f 32 255 287
f 258 1 290
f 259 258 290
f 259 290 291
f 260 259 291
f 260 291 292
f 261 260 292
f 261 292 293
f 262 261 293
f 262 293 294
f 263 262 294
f 263 294 295
f 264 263 295
f 264 295 296
f 265 264 296
f 265 296 297
f 266 265 297
f 266 297 298
f 267 266 298
f 267 298 299
f 268 267 299
f 268 299 300
f 269 268 300
f 269 300 301
f 270 269 301
f 270 301 302
f 271 270 302
f 271 302 303
f 272 271 303
f 272 303 304
f 273 272 304
f 273 304 305
f 274 273 305
f 274 305 306
f 275 274 306
f 275 306 307
f 276 275 307
f 276 307 308
f 277 276 308
f 277 308 309
f 278 277 309
f 278 309 310
f 279 278 310
f 279 310 311
f 280 279 311
f 280 311 312
f 281 280 312
f 281 312 313
f 282 281 313
f 282 313 314
f 283 282 314
f 283 314 315
f 284 283 315
f 284 315 316
f 285 284 316
f 285 316 317
f 286 285 317
f 286 317 318
f 287 286 318
f 287 318 319
f 32 287 319
f 290 1 322
f 291 290 322
f 291 322 323
f 292 291 323
f 292 323 324
f 293 292 324
f 293 324 325
f 294 293 325
f 294 325 326
f 295 294 326
f 295 326 327
f 296 295 327
f 296 327 328
f 297 296 328
f 297 328 329
f 298 297 329
f 298 329 330
f 299 298 330
f 299 330 331
f 300 299 331
f 300 331 332
f 301 300 332
f 301 332 333
f 302 301 333
f 302 333 334
f 303 302 334
f 303 334 335
f 304 303 335
f 304 335 336
f 305 304 336
f 305 336 337
f 306 305 337
f 306 337 338
f 307 306 338
f 307 338 339
f 308 307 339
f 308 339 340
f 309 308 340
f 309 340 341
f 310 309 341
f 310 341 342
f 311 310 342
f 311 342 343
f 312 311 343
f 312 343 344
f 313 312 344
f 313 344 345
f 314 313 345
f 314 345 346
f 315 314 346
f 315 346 347
f 316 315 347
f 316 347 348
f 317 316 348
f 317 348 349
f 318 317 349
f 318 349 350
f 319 318 350
f 319 350 351
f 32 319 351
f 322 1 354
f 323 322 354
f 323 354 355
f 324 323 355
f 324 355 356
f 325 324 356
f 325 356 357
f 326 325 357
f 326 357 358
f 327 326 358
f 327 358 359
f 328 327 359
f 328 359 360
f 329 328 360
f 329 360 361
f 330 329 361
f 330 361 362
f 331 330 362
f 331 362 363
f 332 331 363
f 332 363 364
f 333 332 364
f 333 364 365
f 334 333 365
f 334 365 366
f 335 334 366
f 335 366 367
f 336 335 367
f 336 367 368
f 337 336 368
f 337 368 369
f 338 337 369
f 338 369 370
f 339 338 370
f 339 370 371
f 340 339 371
f 340 371 372
f 341 340 372
f 341 372 373
f 342 341 373
f 342 373 374
f 343 342 374
f 343 374 375
f 344 343 375
f 344 375 376
f 345 344 376
f 345 376 377
f 346 345 377
f 346 377 378
f 347 346 378
f 347 378 379
f 348 347 379
f 348 379 380
f 349 348 380
f 349 380 381
f 350 349 381
f 350 381 382
f 351 350 382
f 351 382 383
f 32 351 383
f 354 1 386
f 355 354 386
f 355 386 387
f 356 355 387
f 356 387 388
f 357 356 388
f 357 388 389
f 358 357 389
f 358 389 390
f 359 358 390
f 359 390 391
f 360 359 391
f 360 391 392
f 361 360 392
f 361 392 393
f 362 361 393
f 362 393 394
f 363 362 394
f 363 394 395
f 364 363 395
f 364 395 396
f 365 364 396
f 365 396 397
f 366 365 397
f 366 397 398
f 367 366 398
f 367 398 399
f 368 367 399
f 368 399 400
f 369 368 400
f 369 400 401
f 370 369 401
f 370 401 402
f 371 370 402
f 371 402 403
f 372 371 403
f 372 403 404
f 373 372 404
f 373 404 405
f 374 373 405
f 374 405 406
f 375 374 406
f 375 406 407
f 376 375 407
f 376 407 408
f 377 376 408
f 377 408 409
f 378 377 409
f 378 409 410
f 379 378 410
f 379 410 411
f 380 379 411
f 380 411 412
f 381 380 412
f 381 412 413
f 382 381 413
f 382 413 414
f 383 382 414
f 383 414 415
f 32 383 415
f 386 1 418
f 387 386 418
f 387 418 419
f 388 387 419
f 388 419 420
f 389 388 420
f 389 420 421
f 390 389 421
f 390 421 422
f 391 390 422
f 391 422 423
f 392 391 423
f 392 423 424
f 393 392 424
f 393 424 425
f 394 393 425
f 394 425 426
f 395 394 426
f 395 426 427
f 396 395 427
f 396 427 428
f 397 396 428
f 397 428 429
f 398 397 429
f 398 429 430
f 399 398 430
f 399 430 431
f 400 399 431
f 400 431 432
f 401 400 432
f 401 432 433
f 402 401 433
f 402 433 434
f 403 402 434
f 403 434 435
f 404 403 435
f 404 435 436
f 405 404 436
f 405 436 437
f 406 405 437
f 406 437 438
f 407 406 438
f 407 438 439
f 408 407 439
f 408 439 440
f 409 408 440
f 409 440 441
f 410 409 441
f 410 441 442
f 411 410 442
f 411 442 443
f 412 411 443
f 412 443 444
f 413 412 444
f 413 444 445
f 414 413 445
f 414 445 446
f 415 414 446
f 415 446 447
f 32 415 447
f 418 1 450
f 419 418 450
f 419 450 451
f 420 419 451
f 420 451 452
f 421 420 452
f 421 452 453
f 422 421 453
f 422 453 454
f 423 422 454
f 423 454 455
f 424 423 455
f 424 455 456
f 425 424 456
f 425 456 457
f 426 425 457
f 426 457 458
f 427 426 458
f 427 458 459
f 428 427 459
f 428 459 460
f 429 428 460
f 429 460 461
f 430 429 461
f 430 461 462
f 431 430 462
f 431 462 463
f 432 431 463
f 432 463 464
f 433 432 464
f 433 464 465
f 434 433 465
f 434 465 466
f 435 434 466
f 435 466 467
f 436 435 467
f 436 467 468
f 437 436 468
f 437 468 469
f 438 437 469
f 438 469 470
f 439 438 470
f 439 470 471
f 440 439 471
f 440 471 472
f 441 440 472
f 441 472 473
f 442 441 473
f 442 473 474
f 443 442 474
f 443 474 475
f 444 443 475
f 444 475 476
f 445 444 476
f 445 476 477
f 446 445 477
f 446 477 478
f 447 446 478
f 447 478 479
f 32 447 479
f 450 1 482
f 451 450 482
f 451 482 483
f 452 451 483
f 452 483 484
f 453 452 484
f 453 484 485
f 454 453 485
f 454 485 486
f 455 454 486
f 455 486 487
f 456 455 487
f 456 487 488
f 457 456 488
f 457 488 489
f 458 457 489
f 458 489 490
f 459 458 490
f 459 490 491
f 460 459 491
f 460 491 492
f 461 460 492
f 461 492 493
f 462 461 493
f 462 493 494
f 463 462 494
f 463 494 495
f 464 463 495
f 464 495 496
f 465 464 496
f 465 496 497
f 466 465 497
f 466 497 498
f 467 466 498
f 467 498 499
f 468 467 499
f 468 499 500
f 469 468 500
f 469 500 501
f 470 469 501
f 470 501 502
f 471 470 502
f 471 502 503
f 472 471 503
f 472 503 504
f 473 472 504
f 473 504 505
f 474 473 505
f 474 505 506
f 475 474 506
f 475 506 507
f 476 475 507
f 476 507 508
f 477 476 508
f 477 508 509
f 478 477 509
f 478 509 510
f 479 478 510
f 479 510 511
f 32 479 511
f 482 1 514
f 483 482 514
f 483 514 515
f 484 483 515
f 484 515 516
f 485 484 516
f 485 516 517
f 486 485 517
f 486 517 518
f 487 486 518
f 487 518 519
f 488 487 519
f 488 519 520
f 489 488 520
f 489 520 521
f 490 489 521
f 490 521 522
f 491 490 522
f 491 522 523
f 492 491 523
f 492 523 524
f 493 492 524
f 493 524 525
f 494 493 525
f 494 525 526
f 495 494 526
f 495 526 527
f 496 495 527
f 496 527 528
f 497 496 528
f 497 528 529
f 498 497 529
f 498 529 530
f 499 498 530
f 499 530 531
f 500 499 531
f 500 531 532
f 501 500 532
f 501 532 533
f 502 501 533
f 502 533 534
f 503 502 534
f 503 534 535
f 504 503 535
f 504 535 536
f 505 504 536
f 505 536 537
f 506 505 537
f 506 537 538
f 507 506 538
f 507 538 539
f 508 507 539
f 508 539 540
f 509 508 540
f 509 540 541
f 510 509 541
f 510 541 542
f 511 510 542
f 511 542 543
f 32 511 543
f 514 1 546
f 515 514 546
f 515 546 547
f 516 515 547
f 516 547 548
f 517 516 548
f 517 548 549
f 518 517 549
f 518 549 550
f 519 518 550
f 519 550 551
f 520 519 551
f 520 551 552
f 521 520 552
f 521 552 553
f 522 521 553
f 522 553 554
f 523 522 554
f 523 554 555
f 524 523 555
f 524 555 556
f 525 524 556
f 525 556 557
f 526 525 557
f 526 557 558
f 527 526 558
f 527 558 559
f 528 527 559
f 528 559 560
f 529 528 560
f 529 560 561
f 530 529 561
f 530 561 562
f 531 530 562
f 531 562 563
f 532 531 563
f 532 563 564
f 533 532 564
f 533 564 565
f 534 533 565
f 534 565 566
f 535 534 566
f 535 566 567
f 536 535 567
f 536 567 568
f 537 536 568
f 537 568 569
f 538 537 569
f 538 569 570
f 539 538 570
f 539 570 571
f 540 539 571
f 540 571 572
f 541 540 572
f 541 572 573
f 542 541 573
f 542 573 574
f 543 542 574
f 543 574 575
f 32 543 575
f 546 1 578
f 547 546 578
f 547 578 579
f 548 547 579
f 548 579 580
f 549 548 580
f 549 580 581
f 550 549 581
f 550 581 582
f 551 550 582
f 551 582 583
f 552 551 583
f 552 583 584
f 553 552 584
f 553 584 585
f 554 553 585
f 554 585 586
f 555 554 586
f 555 586 587
f 556 555 587
f 556 587 588
f 557 556 588
f 557 588 589
f 558 557 589
f 558 589 590
f 559 558 590
f 559 590 591
f 560 559 591
f 560 591 592
f 561 560 592
f 561 592 593
f 562 561 593
f 562 593 594
f 563 562 594
f 563 594 595
f 564 563 595
f 564 595 596
f 565 564 596
f 565 596 597
f 566 565 597
f 566 597 598
f 567 566 598
f 567 598 599
f 568 567 599
f 568 599 600
f 569 568 600
f 569 600 601
f 570 569 601
f 570 601 602
f 571 570 602
f 571 602 603
f 572 571 603
f 572 603 604
f 573 572 604
f 573 604 605
f 574 573 605
f 574 605 606
f 575 574 606
f 575 606 607
f 32 575 607
f 578 1 610
f 579 578 610
f 579 610 611
f 580 579 611
f 580 611 612
f 581 580 612
f 581 612 613
f 582 581 613
f 582 613 614
f 583 582 614
f 583 614 615
f 584 583 615
f 584 615 616
f 585 584 616
f 585 616 617
f 586 585 617
f 586 617 618
f 587 586 618
f 587 618 619
f 588 587 619
f 588 619 620
f 589 588 620
f 589 620 621
f 590 589 621
f 590 621 622
f 591 590 622
f 591 622 623
f 592 591 623
f 592 623 624
f 593 592 624
f 593 624 625
f 594 593 625
f 594 625 626
f 595 594 626
f 595 626 627
f 596 595 627
f 596 627 628
f 597 596 628
f 597 628 629
f 598 597 629
f 598 629 630
f 599 598 630
f 599 630 631
f 600 599 631
f 600 631 632
f 601 600 632
f 601 632 633
f 602 601 633
f 602 633 634
f 603 602 634
f 603 634 635
f 604 603 635
f 604 635 636
f 605 604 636
f 605 636 637
f 606 605 637
f 606 637 638
f 607 606 638
f 607 638 639
f 32 607 639
f 610 1 642
f 611 610 642
f 611 642 643
f 612 611 643
f 612 643 644
f 613 612 644
f 613 644 645
f 614 613 645
f 614 645 646
f 615 614 646
f 615 646 647
f 616 615 647
f 616 647 648
f 617 616 648
f 617 648 649
f 618 617 649
f 618 649 650
f 619 618 650
f 619 650 651
f 620 619 651
f 620 651 652
f 621 620 652
f 621 652 653
f 622 621 653
f 622 653 654
f 623 622 654
f 623 654 655
f 624 623 655
f 624 655 656
f 625 624 656
f 625 656 657
f 626 625 657
f 626 657 658
f 627 626 658
f 627 658 659
f 628 627 659
f 628 659 660
f 629 628 660
f 629 660 661
f 630 629 661
f 630 661 662
f 631 630 662
f 631 662 663
f 632 631 663
f 632 663 664
f 633 632 664
f 633 664 665
f 634 633 665
f 634 665 666
f 635 634 666
f 635 666 667
f 636 635 667
f 636 667 668
f 637 636 668
f 637 668 669
f 638 637 669
f 638 669 670
f 639 638 670
f 639 670 671
f 32 639 671
f 642 1 674
f 643 642 674
f 643 674 675
f 644 643 675
f 644 675 676
f 645 644 676
f 645 676 677
f 646 645 677
f 646 677 678
f 647 646 678
f 647 678 679
f 648 647 679
f 648 679 680
f 649 648 680
f 649 680 681
f 650 649 681
f 650 681 682
f 651 650 682
f 651 682 683
f 652 651 683
f 652 683 684
f 653 652 684
f 653 684 685
f 654 653 685
f 654 685 686
f 655 654 686
f 655 686 687
f 656 655 687
f 656 687 688
f 657 656 688
f 657 688 689
f 658 657 689
f 658 689 690
f 659 658 690
f 659 690 691
f 660 659 691
f 660 691 692
f 661 660 692
f 661 692 693
f 662 661 693
f 662 693 694
f 663 662 694
f 663 694 695
f 664 663 695
f 664 695 696
f 665 664 696
f 665 696 697
f 666 665 697
f 666 697 698
f 667 666 698
f 667 698 699
f 668 667 699
f 668 699 700
f 669 668 700
f 669 700 701
f 670 669 701
f 670 701 702
f 671 670 702
f 671 702 703
f 32 671 703
f 674 1 706
f 675 674 706
f 675 706 707
f 676 675 707
f 676 707 708
f 677 676 708
f 677 708 709
f 678 677 709
f 678 709 710
f 679 678 710
f 679 710 711
f 680 679 711
f 680 711 712
f 681 680 712
f 681 712 713
f 682 681 713
f 682 713 714
f 683 682 714
f 683 714 715
f 684 683 715
f 684 715 716
f 685 684 716
f 685 716 717
f 686 685 717
f 686 717 718
f 687 686 718
f 687 718 719
f 688 687 719
f 688 719 720
f 689 688 720
f 689 720 721
f 690 689 721
f 690 721 722
f 691 690 722
f 691 722 723
f 692 691 723
f 692 723 724
f 693 692 724
f 693 724 725
f 694 693 725
f 694 725 726
f 695 694 726
f 695 726 727
f 696 695 727
f 696 727 728
f 697 696 728
f 697 728 729
f 698 697 729
f 698 729 730
f 699 698 730
f 699 730 731
f 700 699 731
f 700 731 732
f 701 700 732
f 701 732 733
f 702 701 733
f 702 733 734
f 703 702 734
f 703 734 735
f 32 703 735
f 706 1 738
f 707 706 738
f 707 738 739
f 708 707 739
f 708 739 740
f 709 708 740
f 709 740 741
f 710 709 741
f 710 741 742
f 711 710 742
f 711 742 743
f 712 711 743
f 712 743 744
f 713 712 744
f 713 744 745
f 714 713 745
f 714 745 746
f 715 714 746
f 715 746 747
f 716 715 747
f 716 747 748
f 717 716 748
f 717 748 749
f 718 717 749
f 718 749 750
f 719 718 750
f 719 750 751
f 720 719 751
f 720 751 752
f 721 720 752
f 721 752 753
f 722 721 753
f 722 753 754
f 723 722 754
f 723 754 755
f 724 723 755
f 724 755 756
f 725 724 756
f 725 756 757
f 726 725 757
f 726 757 758
f 727 726 758
f 727 758 759
f 728 727 759
f 728 759 760
f 729 728 760
f 729 760 761
f 730 729 761
f 730 761 762
f 731 730 762
f 731 762 763
f 732 731 763
f 732 763 764
f 733 732 764
f 733 764 765
f 734 733 765
f 734 765 766
f 735 734 766
f 735 766 767
f 32 735 767
f 738 1 770
f 739 738 770
f 739 770 771
f 740 739 771
f 740 771 772
f 741 740 772
f 741 772 773
f 742 741 773
f 742 773 774
f 743 742 774
f 743 774 775
f 744 743 775
f 744 775 776
f 745 744 776
f 745 776 777
f 746 745 777
f 746 777 778
f 747 746 778
f 747 778 779
f 748 747 779
f 748 779 780
f 749 748 780
f 749 780 781
f 750 749 781
f 750 781 782
f 751 750 782
f 751 782 783
f 752 751 783
f 752 783 784
f 753 752 784
f 753 784 785
f 754 753 785
f 754 785 786
f 755 754 786
f 755 786 787
f 756 755 787
f 756 787 788
f 757 756 788
f 757 788 789
f 758 757 789
f 758 789 790
f 759 758 790
f 759 790 791
f 760 759 791
f 760 791 792
f 761 760 792
f 761 792 793
f 762 761 793
f 762 793 794
f 763 762 794
f 763 794 795
f 764 763 795
f 764 795 796
f 765 764 796
f 765 796 797
f 766 765 797
f 766 797 798
f 767 766 798
f 767 798 799
f 32 767 799
f 770 1 802
f 771 770 802
f 771 802 803
f 772 771 803
f 772 803 804
f 773 772 804
f 773 804 805
f 774 773 805
f 774 805 806
f 775 774 806
f 775 806 807
f 776 775 807
f 776 807 808
f 777 776 808
f 777 808 809
f 778 777 809
f 778 809 810
f 779 778 810
f 779 810 811
f 780 779 811
f 780 811 812
f 781 780 812
f 781 812 813
f 782 781 813
f 782 813 814
f 783 782 814
f 783 814 815
f 784 783 815
f 784 815 816
f 785 784 816
f 785 816 817
f 786 785 817
f 786 817 818
f 787 786 818
f 787 818 819
f 788 787 819
f 788 819 820
f 789 788 820
f 789 820 821
f 790 789 821
f 790 821 822
f 791 790 822
f 791 822 823
f 792 791 823
f 792 823 824
f 793 792 824
f 793 824 825
f 794 793 825
f 794 825 826
f 795 794 826
f 795 826 827
f 796 795 827
f 796 827 828
f 797 796 828
f 797 828 829
f 798 797 829
f 798 829 830
f 799 798 830
f 799 830 831
f 32 799 831
f 802 1 834
f 803 802 834
f 803 834 835
f 804 803 835
f 804 835 836
f 805 804 836
f 805 836 837
f 806 805 837
f 806 837 838
f 807 806 838
f 807 838 839
f 808 807 839
f 808 839 840
f 809 808 840
f 809 840 841
f 810 809 841
f 810 841 842
f 811 810 842
f 811 842 843
f 812 811 843
f 812 843 844
f 813 812 844
f 813 844 845
f 814 813 845
f 814 845 846
f 815 814 846
f 815 846 847
f 816 815 847
f 816 847 848
f 817 816 848
f 817 848 849
f 818 817 849
f 818 849 850
f 819 818 850
f 819 850 851
f 820 819 851
f 820 851 852
f 821 820 852
f 821 852 853
f 822 821 853
f 822 853 854
f 823 822 854
f 823 854 855
f 824 823 855
f 824 855 856
f 825 824 856
f 825 856 857
f 826 825 857
f 826 857 858
f 827 826 858
f 827 858 859
f 828 827 859
f 828 859 860
f 829 828 860
f 829 860 861
f 830 829 861
f 830 861 862
f 831 830 862
f 831 862 863
f 32 831 863
f 834 1 866
f 835 834 866
f 835 866 867
f 836 835 867
f 836 867 868
f 837 836 868
f 837 868 869
f 838 837 869
f 838 869 870
f 839 838 870
f 839 870 871
f 840 839 871
f 840 871 872
f 841 840 872
f 841 872 873
f 842 841 873
f 842 873 874
f 843 842 874
f 843 874 875
f 844 843 875
f 844 875 876
f 845 844 876
f 845 876 877
f 846 845 877
f 846 877 878
f 847 846 878
f 847 878 879
f 848 847 879
f 848 879 880
f 849 848 880
f 849 880 881
f 850 849 881
f 850 881 882
f 851 850 882
f 851 882 883
f 852 851 883
f 852 883 884
f 853 852 884
f 853 884 885
f 854 853 885
f 854 885 886
f 855 854 886
f 855 886 887
f 856 855 887
f 856 887 888
f 857 856 888
f 857 888 889
f 858 857 889
f 858 889 890
f 859 858 890
f 859 890 891
f 860 859 891
f 860 891 892
f 861 860 892
f 861 892 893
f 862 861 893
f 862 893 894
f 863 862 894
f 863 894 895
f 32 863 895
f 866 1 898
f 867 866 898
f 867 898 899
f 868 867 899
f 868 899 900
f 869 868 900
f 869 900 901
f 870 869 901
f 870 901 902
f 871 870 902
f 871 902 903
f 872 871 903
f 872 903 904
f 873 872 904
f 873 904 905
f 874 873 905
f 874 905 906
f 875 874 906
f 875 906 907
f 876 875 907
f 876 907 908
f 877 876 908
f 877 908 909
f 878 877 909
f 878 909 910
f 879 878 910
f 879 910 911
f 880 879 911
f 880 911 912
f 881 880 912
f 881 912 913
f 882 881 913
f 882 913 914
f 883 882 914
f 883 914 915
f 884 883 915
f 884 915 916
f 885 884 916
f 885 916 917
f 886 885 917
f 886 917 918
f 887 886 918
f 887 918 919
f 888 887 919
f 888 919 920
f 889 888 920
f 889 920 921
f 890 889 921
f 890 921 922
f 891 890 922
f 891 922 923
f 892 891 923
f 892 923 924
f 893 892 924
f 893 924 925
f 894 893 925
f 894 925 926
f 895 894 926
f 895 926 927
f 32 895 927
f 898 1 930
f 899 898 930
f 899 930 931
f 900 899 931
f 900 931 932
f 901 900 932
f 901 932 933
f 902 901 933
f 902 933 934
f 903 902 934
f 903 934 935
f 904 903 935
f 904 935 936
f 905 904 936
f 905 936 937
f 906 905 937
f 906 937 938
f 907 906 938
f 907 938 939
f 908 907 939
f 908 939 940
f 909 908 940
f 909 940 941
f 910 909 941
f 910 941 942
f 911 910 942
f 911 942 943
f 912 911 943
f 912 943 944
f 913 912 944
f 913 944 945
f 914 913 945
f 914 945 946
f 915 914 946
f 915 946 947
f 916 915 947
f 916 947 948
f 917 916 948
f 917 948 949
f 918 917 949
f 918 949 950
f 919 918 950
f 919 950 951
f 920 919 951
f 920 951 952
f 921 920 952
f 921 952 953
f 922 921 953
f 922 953 954
f 923 922 954
f 923 954 955
f 924 923 955
f 924 955 956
f 925 924 956
f 925 956 957
f 926 925 957
f 926 957 958
f 927 926 958
f 927 958 959
f 32 927 959
f 930 1 962
f 931 930 962
f 931 962 963
f 932 931 963
f 932 963 964
f 933 932 964
f 933 964 965
f 934 933 965
f 934 965 966
f 935 934 966
f 935 966 967
f 936 935 967
f 936 967 968
f 937 936 968
f 937 968 969
f 938 937 969
f 938 969 970
f 939 938 970
f 939 970 971
f 940 939 971
f 940 971 972
f 941 940 972
f 941 972 973
f 942 941 973
f 942 973 974
f 943 942 974
f 943 974 975
f 944 943 975
f 944 975 976
f 945 944 976
f 945 976 977
f 946 945 977
f 946 977 978
f 947 946 978
f 947 978 979
f 948 947 979
f 948 979 980
f 949 948 980
f 949 980 981
f 950 949 981
f 950 981 982
f 951 950 982
f 951 982 983
f 952 951 983
f 952 983 984
f 953 952 984
f 953 984 985
f 954 953 985
f 954 985 986
f 955 954 986
f 955 986 987
f 956 955 987
f 956 987 988
f 957 956 988
f 957 988 989
f 958 957 989
f 958 989 990
f 959 958 990
f 959 990 991
f 32 959 991
f 962 1 994
f 963 962 994
f 963 994 995
f 964 963 995
f 964 995 996
f 965 964 996
f 965 996 997
f 966 965 997
f 966 997 998
f 967 966 998
f 967 998 999
f 968 967 999
f 968 999 1000
f 969 968 1000
f 969 1000 1001
f 970 969 1001
f 970 1001 1002
f 971 970 1002
f 971 1002 1003
f 972 971 1003
f 972 1003 1004
f 973 972 1004
f 973 1004 1005
f 974 973 1005
f 974 1005 1006
f 975 974 1006
f 975 1006 1007
f 976 975 1007
f 976 1007 1008
f 977 976 1008
f 977 1008 1009
f 978 977 1009
f 978 1009 1010
f 979 978 1010
f 979 1010 1011
f 980 979 1011
f 980 1011 1012
f 981 980 1012
f 981 1012 1013
f 982 981 1013
f 982 1013 1014
f 983 982 1014
f 983 1014 1015
f 984 983 1015
f 984 1015 1016
f 985 984 1016
f 985 1016 1017
f 986 985 1017
f 986 1017 1018
f 987 986 1018
f 987 1018 1019
f 988 987 1019
f 988 1019 1020
f 989 988 1020
f 989 1020 1021
f 990 989 1021
f 990 1021 1022
f 991 990 1022
f 991 1022 1023
f 32 991 1023
f 994 1 1026
f 995 994 1026
f 995 1026 1027
f 996 995 1027
f 996 1027 1028
f 997 996 1028
f 997 1028 1029
f 998 997 1029
f 998 1029 1030
f 999 998 1030
f 999 1030 1031
f 1000 999 1031
f 1000 1031 1032
f 1001 1000 1032
f 1001 1032 1033
f 1002 1001 1033
f 1002 1033 1034
f 1003 1002 1034
f 1003 1034 1035
f 1004 1003 1035
f 1004 1035 1036
f 1005 1004 1036
f 1005 1036 1037
f 1006 1005 1037
f 1006 1037 1038
f 1007 1006 1038
f 1007 1038 1039
f 1008 1007 1039
f 1008 1039 1040
f 1009 1008 1040
f 1009 1040 1041
f 1010 1009 1041
f 1010 1041 1042
f 1011 1010 1042
f 1011 1042 1043
f 1012 1011 1043
f 1012 1043 1044
f 1013 1012 1044
f 1013 1044 1045
f 1014 1013 1045
f 1014 1045 1046
f 1015 1014 1046
f 1015 1046 1047
f 1016 1015 1047
f 1016 1047 1048
f 1017 1016 1048
f 1017 1048 1049
f 1018 1017 1049
f 1018 1049 1050
f 1019 1018 1050
f 1019 1050 1051
f 1020 1019 1051
f 1020 1051 1052
f 1021 1020 1052
f 1021 1052 1053
f 1022 1021 1053
f 1022 1053 1054
f 1023 1022 1054
f 1023 1054 1055
f 32 1023 1055
f 1026 1 1058
f 1027 1026 1058
f 1027 1058 1059
f 1028 1027 1059
f 1028 1059 1060
f 1029 1028 1060
f 1029 1060 1061
f 1030 1029 1061
f 1030 1061 1062
f 1031 1030 1062
f 1031 1062 1063
f 1032 1031 1063
f 1032 1063 1064
f 1033 1032 1064
f 1033 1064 1065
f 1034 1033 1065
f 1034 1065 1066
f 1035 1034 1066
f 1035 1066 1067
f 1036 1035 1067
f 1036 1067 1068
f 1037 1036 1068
f 1037 1068 1069
f 1038 1037 1069
f 1038 1069 1070
f 1039 1038 1070
f 1039 1070 1071
f 1040 1039 1071
f 1040 1071 1072
f 1041 1040 1072
f 1041 1072 1073
f 1042 1041 1073
f 1042 1073 1074
f 1043 1042 1074
f 1043 1074 1075
f 1044 1043 1075
f 1044 1075 1076
f 1045 1044 1076
f 1045 1076 1077
f 1046 1045 1077
f 1046 1077 1078
f 1047 1046 1078
f 1047 1078 1079
f 1048 1047 1079
f 1048 1079 1080
f 1049 1048 1080
f 1049 1080 1081
f 1050 1049 1081
f 1050 1081 1082
f 1051 1050 1082
f 1051 1082 1083
f 1052 1051 1083
f 1052 1083 1084
f 1053 1052 1084
f 1053 1084 1085
f 1054 1053 1085
f 1054 1085 1086
f 1055 1054 1086
f 1055 1086 1087
f 32 1055 1087
f 1058 1 1090
f 1059 1058 1090
f 1059 1090 1091
f 1060 1059 1091
f 1060 1091 1092
f 1061 1060 1092
f 1061 1092 1093
f 1062 1061 1093
f 1062 1093 1094
f 1063 1062 1094
f 1063 1094 1095
f 1064 1063 1095
f 1064 1095 1096
f 1065 1064 1096
f 1065 1096 1097
f 1066 1065 1097
f 1066 1097 1098
f 1067 1066 1098
f 1067 1098 1099
f 1068 1067 1099
f 1068 1099 1100
f 1069 1068 1100
f 1069 1100 1101
f 1070 1069 1101
f 1070 1101 1102
f 1071 1070 1102
f 1071 1102 1103
f 1072 1071 1103
f 1072 1103 1104
f 1073 1072 1104
f 1073 1104 1105
f 1074 1073 1105
f 1074 1105 1106
f 1075 1074 1106
f 1075 1106 1107
f 1076 1075 1107
f 1076 1107 1108
f 1077 1076 1108
f 1077 1108 1109
f 1078 1077 1109
f 1078 1109 1110
f 1079 1078 1110
f 1079 1110 1111
f 1080 1079 1111
f 1080 1111 1112
f 1081 1080 1112
f 1081 1112 1113
f 1082 1081 1113
f 1082 1113 1114
f 1083 1082 1114
f 1083 1114 1115
f 1084 1083 1115
f 1084 1115 1116
f 1085 1084 1116
f 1085 1116 1117
f 1086 1085 1117
f 1086 1117 1118
f 1087 1086 1118
f 1087 1118 1119
f 32 1087 1119
f 1090 1 1122
f 1091 1090 1122
f 1091 1122 1123
f 1092 1091 1123
f 1092 1123 1124
f 1093 1092 1124
f 1093 1124 1125
f 1094 1093 1125
f 1094 1125 1126
f 1095 1094 1126
f 1095 1126 1127
f 1096 1095 1127
f 1096 1127 1128
f 1097 1096 1128
f 1097 1128 1129
f 1098 1097 1129
f 1098 1129 1130
f 1099 1098 1130
f 1099 1130 1131
f 1100 1099 1131
f 1100 1131 1132
f 1101 1100 1132
f 1101 1132 1133
f 1102 1101 1133
f 1102 1133 1134
f 1103 1102 1134
f 1103 1134 1135
f 1104 1103 1135
f 1104 1135 1136
f 1105 1104 1136
f 1105 1136 1137
f 1106 1105 1137
f 1106 1137 1138
f 1107 1106 1138
f 1107 1138 1139
f 1108 1107 1139
f 1108 1139 1140
f 1109 1108 1140
f 1109 1140 1141
f 1110 1109 1141
f 1110 1141 1142
f 1111 1110 1142
f 1111 1142 1143
f 1112 1111 1143
f 1112 1143 1144
f 1113 1112 1144
f 1113 1144 1145
f 1114 1113 1145
f 1114 1145 1146
f 1115 1114 1146
f 1115 1146 1147
f 1116 1115 1147
f 1116 1147 1148
f 1117 1116 1148
f 1117 1148 1149
f 1118 1117 1149
f 1118 1149 1150
f 1119 1118 1150
f 1119 1150 1151
f 32 1119 1151
f 1122 1 1154
f 1123 1122 1154
f 1123 1154 1155
f 1124 1123 1155
f 1124 1155 1156
f 1125 1124 1156
f 1125 1156 1157
f 1126 1125 1157
f 1126 1157 1158
f 1127 1126 1158
f 1127 1158 1159
f 1128 1127 1159
f 1128 1159 1160
f 1129 1128 1160
f 1129 1160 1161
f 1130 1129 1161
f 1130 1161 1162
f 1131 1130 1162
f 1131 1162 1163
f 1132 1131 1163
f 1132 1163 1164
f 1133 1132 1164
f 1133 1164 1165
f 1134 1133 1165
f 1134 1165 1166
f 1135 1134 1166
f 1135 1166 1167
f 1136 1135 1167
f 1136 1167 1168
f 1137 1136 1168
f 1137 1168 1169
f 1138 1137 1169
f 1138 1169 1170
f 1139 1138 1170
f 1139 1170 1171
f 1140 1139 1171
f 1140 1171 1172
f 1141 1140 1172
f 1141 1172 1173
f 1142 1141 1173
f 1142 1173 1174
f 1143 1142 1174
f 1143 1174 1175
f 1144 1143 1175
f 1144 1175 1176
f 1145 1144 1176
f 1145 1176 1177
f 1146 1145 1177
f 1146 1177 1178
f 1147 1146 1178
f 1147 1178 1179
f 1148 1147 1179
f 1148 1179 1180
f 1149 1148 1180
f 1149 1180 1181
f 1150 1149 1181
f 1150 1181 1182
f 1151 1150 1182
f 1151 1182 1183
f 32 1151 1183
f 1154 1 1186
f 1155 1154 1186
f 1155 1186 1187
f 1156 1155 1187
f 1156 1187 1188
f 1157 1156 1188
f 1157 1188 1189
f 1158 1157 1189
f 1158 1189 1190
f 1159 1158 1190
f 1159 1190 1191
f 1160 1159 1191
f 1160 1191 1192
f 1161 1160 1192
f 1161 1192 1193
f 1162 1161 1193
f 1162 1193 1194
f 1163 1162 1194
f 1163 1194 1195
f 1164 1163 1195
f 1164 1195 1196
f 1165 1164 1196
f 1165 1196 1197
f 1166 1165 1197
f 1166 1197 1198
f 1167 1166 1198
f 1167 1198 1199
f 1168 1167 1199
f 1168 1199 1200
f 1169 1168 1200
f 1169 1200 1201
f 1170 1169 1201
f 1170 1201 1202
f 1171 1170 1202
f 1171 1202 1203
f 1172 1171 1203
f 1172 1203 1204
f 1173 1172 1204
f 1173 1204 1205
f 1174 1173 1205
f 1174 1205 1206
f 1175 1174 1206
f 1175 1206 1207
f 1176 1175 1207
f 1176 1207 1208
f 1177 1176 1208
f 1177 1208 1209
f 1178 1177 1209
f 1178 1209 1210
f 1179 1178 1210
f 1179 1210 1211
f 1180 1179 1211
f 1180 1211 1212
f 1181 1180 1212
f 1181 1212 1213
f 1182 1181 1213
f 1182 1213 1214
f 1183 1182 1214
f 1183 1214 1215
f 32 1183 1215
f 1186 1 1218
f 1187 1186 1218
f 1187 1218 1219
f 1188 1187 1219
f 1188 1219 1220
f 1189 1188 1220
f 1189 1220 1221
f 1190 1189 1221
f 1190 1221 1222
f 1191 1190 1222
f 1191 1222 1223
f 1192 1191 1223
f 1192 1223 1224
f 1193 1192 1224
f 1193 1224 1225
f 1194 1193 1225
f 1194 1225 1226
f 1195 1194 1226
f 1195 1226 1227
f 1196 1195 1227
f 1196 1227 1228
f 1197 1196 1228
f 1197 1228 1229
f 1198 1197 1229
f 1198 1229 1230
f 1199 1198 1230
f 1199 1230 1231
f 1200 1199 1231
f 1200 1231 1232
f 1201 1200 1232
f 1201 1232 1233
f 1202 1201 1233
f 1202 1233 1234
f 1203 1202 1234
f 1203 1234 1235
f 1204 1203 1235
f 1204 1235 1236
f 1205 1204 1236
f 1205 1236 1237
f 1206 1205 1237
f 1206 1237 1238
f 1207 1206 1238
f 1207 1238 1239
f 1208 1207 1239
f 1208 1239 1240
f 1209 1208 1240
f 1209 1240 1241
f 1210 1209 1241
f 1210 1241 1242
f 1211 1210 1242
f 1211 1242 1243
f 1212 1211 1243
f 1212 1243 1244
f 1213 1212 1244
f 1213 1244 1245
f 1214 1213 1245
f 1214 1245 1246
f 1215 1214 1246
f 1215 1246 1247
f 32 1215 1247
f 1218 1 1250
f 1219 1218 1250
f 1219 1250 1251
f 1220 1219 1251
f 1220 1251 1252
f 1221 1220 1252
f 1221 1252 1253
f 1222 1221 1253
f 1222 1253 1254
f 1223 1222 1254
f 1223 1254 1255
f 1224 1223 1255
f 1224 1255 1256
f 1225 1224 1256
f 1225 1256 1257
f 1226 1225 1257
f 1226 1257 1258
f 1227 1226 1258
f 1227 1258 1259
f 1228 1227 1259
f 1228 1259 1260
f 1229 1228 1260
f 1229 1260 1261
f 1230 1229 1261
f 1230 1261 1262
f 1231 1230 1262
f 1231 1262 1263
f 1232 1231 1263
f 1232 1263 1264
f 1233 1232 1264
f 1233 1264 1265
f 1234 1233 1265
f 1234 1265 1266
f 1235 1234 1266
f 1235 1266 1267
f 1236 1235 1267
f 1236 1267 1268
f 1237 1236 1268
f 1237 1268 1269
f 1238 1237 1269
f 1238 1269 1270
f 1239 1238 1270
f 1239 1270 1271
f 1240 1239 1271
f 1240 1271 1272
f 1241 1240 1272
f 1241 1272 1273
f 1242 1241 1273
f 1242 1273 1274
f 1243 1242 1274
f 1243 1274 1275
f 1244 1243 1275
f 1244 1275 1276
f 1245 1244 1276
f 1245 1276 1277
f 1246 1245 1277
f 1246 1277 1278
f 1247 1246 1278
f 1247 1278 1279
f 32 1247 1279
f 1250 1 1282
f 1251 1250 1282
f 1251 1282 1283
f 1252 1251 1283
f 1252 1283 1284
f 1253 1252 1284
f 1253 1284 1285
f 1254 1253 1285
f 1254 1285 1286
f 1255 1254 1286
f 1255 1286 1287
f 1256 1255 1287
f 1256 1287 1288
f 1257 1256 1288
f 1257 1288 1289
f 1258 1257 1289
f 1258 1289 1290
f 1259 1258 1290
f 1259 1290 1291
f 1260 1259 1291
f 1260 1291 1292
f 1261 1260 1292
f 1261 1292 1293
f 1262 1261 1293
f 1262 1293 1294
f 1263 1262 1294
f 1263 1294 1295
f 1264 1263 1295
f 1264 1295 1296
f 1265 1264 1296
f 1265 1296 1297
f 1266 1265 1297
f 1266 1297 1298
f 1267 1266 1298
f 1267 1298 1299
f 1268 1267 1299
f 1268 1299 1300
f 1269 1268 1300
f 1269 1300 1301
f 1270 1269 1301
f 1270 1301 1302
f 1271 1270 1302
f 1271 1302 1303
f 1272 1271 1303
f 1272 1303 1304
f 1273 1272 1304
f 1273 1304 1305
f 1274 1273 1305
f 1274 1305 1306
f 1275 1274 1306
f 1275 1306 1307
f 1276 1275 1307
f 1276 1307 1308
f 1277 1276 1308
f 1277 1308 1309
f 1278 1277 1309
f 1278 1309 1310
f 1279 1278 1310
f 1279 1310 1311
f 32 1279 1311
f 1282 1 1314
f 1283 1282 1314
f 1283 1314 1315
f 1284 1283 1315
f 1284 1315 1316
f 1285 1284 1316
f 1285 1316 1317
f 1286 1285 1317
f 1286 1317 1318
f 1287 1286 1318
f 1287 1318 1319
f 1288 1287 1319
f 1288 1319 1320
f 1289 1288 1320
f 1289 1320 1321
f 1290 1289 1321
f 1290 1321 1322
f 1291 1290 1322
f 1291 1322 1323
f 1292 1291 1323
f 1292 1323 1324
f 1293 1292 1324
f 1293 1324 1325
f 1294 1293 1325
f 1294 1325 1326
f 1295 1294 1326
f 1295 1326 1327
f 1296 1295 1327
f 1296 1327 1328
f 1297 1296 1328
f 1297 1328 1329
f 1298 1297 1329
f 1298 1329 1330
f 1299 1298 1330
f 1299 1330 1331
f 1300 1299 1331
f 1300 1331 1332
f 1301 1300 1332
f 1301 1332 1333
f 1302 1301 1333
f 1302 1333 1334
f 1303 1302 1334
f 1303 1334 1335
f 1304 1303 1335
f 1304 1335 1336
f 1305 1304 1336
f 1305 1336 1337
f 1306 1305 1337
f 1306 1337 1338
f 1307 1306 1338
f 1307 1338 1339
f 1308 1307 1339
f 1308 1339 1340
f 1309 1308 1340
f 1309 1340 1341
f 1310 1309 1341
f 1310 1341 1342
f 1311 1310 1342
f 1311 1342 1343
f 32 1311 1343
f 1314 1 1346
f 1315 1314 1346
f 1315 1346 1347
f 1316 1315 1347
f 1316 1347 1348
f 1317 1316 1348
f 1317 1348 1349
f 1318 1317 1349
f 1318 1349 1350
f 1319 1318 1350
f 1319 1350 1351
f 1320 1319 1351
f 1320 1351 1352
f 1321 1320 1352
f 1321 1352 1353
f 1322 1321 1353
f 1322 1353 1354
f 1323 1322 1354
f 1323 1354 1355
f 1324 1323 1355
f 1324 1355 1356
f 1325 1324 1356
f 1325 1356 1357
f 1326 1325 1357
f 1326 1357 1358
f 1327 1326 1358
f 1327 1358 1359
f 1328 1327 1359
f 1328 1359 1360
f 1329 1328 1360
f 1329 1360 1361
f 1330 1329 1361
f 1330 1361 1362
f 1331 1330 1362
f 1331 1362 1363
f 1332 1331 1363
f 1332 1363 1364
f 1333 1332 1364
f 1333 1364 1365
f 1334 1333 1365
f 1334 1365 1366
f 1335 1334 1366
f 1335 1366 1367
f 1336 1335 1367
f 1336 1367 1368
f 1337 1336 1368
f 1337 1368 1369
f 1338 1337 1369
f 1338 1369 1370
f 1339 1338 1370
f 1339 1370 1371
f 1340 1339 1371
f 1340 1371 1372
f 1341 1340 1372
f 1341 1372 1373
f 1342 1341 1373
f 1342 1373 1374
f 1343 1342 1374
f 1343 1374 1375
f 32 1343 1375
f 1346 1 1378
f 1347 1346 1378
f 1347 1378 1379
f 1348 1347 1379
f 1348 1379 1380
f 1349 1348 1380
f 1349 1380 1381
f 1350 1349 1381
f 1350 1381 1382
f 1351 1350 1382
f 1351 1382 1383
f 1352 1351 1383
f 1352 1383 1384
f 1353 1352 1384
f 1353 1384 1385
f 1354 1353 1385
f 1354 1385 1386
f 1355 1354 1386
f 1355 1386 1387
f 1356 1355 1387
f 1356 1387 1388
f 1357 1356 1388
f 1357 1388 1389
f 1358 1357 1389
f 1358 1389 1390
f 1359 1358 1390
f 1359 1390 1391
f 1360 1359 1391
f 1360 1391 1392
f 1361 1360 1392
f 1361 1392 1393
f 1362 1361 1393
f 1362 1393 1394
f 1363 1362 1394
f 1363 1394 1395
f 1364 1363 1395
f 1364 1395 1396
f 1365 1364 1396
f 1365 1396 1397
f 1366 1365 1397
f 1366 1397 1398
f 1367 1366 1398
f 1367 1398 1399
f 1368 1367 1399
f 1368 1399 1400
f 1369 1368 1400
f 1369 1400 1401
f 1370 1369 1401
f 1370 1401 1402
f 1371 1370 1402
f 1371 1402 1403
f 1372 1371 1403
f 1372 1403 1404
f 1373 1372 1404
f 1373 1404 1405
f 1374 1373 1405
f 1374 1405 1406
f 1375 1374 1406
f 1375 1406 1407
f 32 1375 1407
f 1378 1 1410
f 1379 1378 1410
f 1379 1410 1411
f 1380 1379 1411
f 1380 1411 1412
f 1381 1380 1412
f 1381 1412 1413
f 1382 1381 1413
f 1382 1413 1414
f 1383 1382 1414
f 1383 1414 1415
f 1384 1383 1415
f 1384 1415 1416
f 1385 1384 1416
f 1385 1416 1417
f 1386 1385 1417
f 1386 1417 1418
f 1387 1386 1418
f 1387 1418 1419
f 1388 1387 1419
f 1388 1419 1420
f 1389 1388 1420
f 1389 1420 1421
f 1390 1389 1421
f 1390 1421 1422
f 1391 1390 1422
f 1391 1422 1423
f 1392 1391 1423
f 1392 1423 1424
f 1393 1392 1424
f 1393 1424 1425
f 1394 1393 1425
f 1394 1425 1426
f 1395 1394 1426
f 1395 1426 1427
f 1396 1395 1427
f 1396 1427 1428
f 1397 1396 1428
f 1397 1428 1429
f 1398 1397 1429
f 1398 1429 1430
f 1399 1398 1430
f 1399 1430 1431
f 1400 1399 1431
f 1400 1431 1432
f 1401 1400 1432
f 1401 1432 1433
f 1402 1401 1433
f 1402 1433 1434
f 1403 1402 1434
f 1403 1434 1435
f 1404 1403 1435
f 1404 1435 1436
f 1405 1404 1436
f 1405 1436 1437
f 1406 1405 1437
f 1406 1437 1438
f 1407 1406 1438
f 1407 1438 1439
f 32 1407 1439
f 1410 1 1442
f 1411 1410 1442
f 1411 1442 1443
f 1412 1411 1443
f 1412 1443 1444
f 1413 1412 1444
f 1413 1444 1445
f 1414 1413 1445
f 1414 1445 1446
f 1415 1414 1446
f 1415 1446 1447
f 1416 1415 1447
f 1416 1447 1448
f 1417 1416 1448
f 1417 1448 1449
f 1418 1417 1449
f 1418 1449 1450
f 1419 1418 1450
f 1419 1450 1451
f 1420 1419 1451
f 1420 1451 1452
f 1421 1420 1452
f 1421 1452 1453
f 1422 1421 1453
f 1422 1453 1454
f 1423 1422 1454
f 1423 1454 1455
f 1424 1423 1455
f 1424 1455 1456
f 1425 1424 1456
f 1425 1456 1457
f 1426 1425 1457
f 1426 1457 1458
f 1427 1426 1458
f 1427 1458 1459
f 1428 1427 1459
f 1428 1459 1460
f 1429 1428 1460
f 1429 1460 1461
f 1430 1429 1461
f 1430 1461 1462
f 1431 1430 1462
f 1431 1462 1463
f 1432 1431 1463
f 1432 1463 1464
f 1433 1432 1464
f 1433 1464 1465
f 1434 1433 1465
f 1434 1465 1466
f 1435 1434 1466
f 1435 1466 1467
f 1436 1435 1467
f 1436 1467 1468
f 1437 1436 1468
f 1437 1468 1469
f 1438 1437 1469
f 1438 1469 1470
f 1439 1438 1470
f 1439 1470 1471
f 32 1439 1471
f 1442 1 1474
f 1443 1442 1474
f 1443 1474 1475
f 1444 1443 1475
f 1444 1475 1476
f 1445 1444 1476
f 1445 1476 1477
f 1446 1445 1477
f 1446 1477 1478
f 1447 1446 1478
f 1447 1478 1479
f 1448 1447 1479
f 1448 1479 1480
f 1449 1448 1480
f 1449 1480 1481
f 1450 1449 1481
f 1450 1481 1482
f 1451 1450 1482
f 1451 1482 1483
f 1452 1451 1483
f 1452 1483 1484
f 1453 1452 1484
f 1453 1484 1485
f 1454 1453 1485
f 1454 1485 1486
f 1455 1454 1486
f 1455 1486 1487
f 1456 1455 1487
f 1456 1487 1488
f 1457 1456 1488
f 1457 1488 1489
f 1458 1457 1489
f 1458 1489 1490
f 1459 1458 1490
f 1459 1490 1491
f 1460 1459 1491
f 1460 1491 1492
f 1461 1460 1492
f 1461 1492 1493
f 1462 1461 1493
f 1462 1493 1494
f 1463 1462 1494
f 1463 1494 1495
f 1464 1463 1495
f 1464 1495 1496
f 1465 1464 1496
f 1465 1496 1497
f 1466 1465 1497
f 1466 1497 1498
f 1467 1466 1498
f 1467 1498 1499
f 1468 1467 1499
f 1468 1499 1500
f 1469 1468 1500
f 1469 1500 1501
f 1470 1469 1501
f 1470 1501 1502
f 1471 1470 1502
f 1471 1502 1503
f 32 1471 1503
f 1474 1 1506
f 1475 1474 1506
f 1475 1506 1507
f 1476 1475 1507
f 1476 1507 1508
f 1477 1476 1508
f 1477 1508 1509
f 1478 1477 1509
f 1478 1509 1510
f 1479 1478 1510
f 1479 1510 1511
f 1480 1479 1511
f 1480 1511 1512
f 1481 1480 1512
f 1481 1512 1513
f 1482 1481 1513
f 1482 1513 1514
f 1483 1482 1514
f 1483 1514 1515
f 1484 1483 1515
f 1484 1515 1516
f 1485 1484 1516
f 1485 1516 1517
f 1486 1485 1517
f 1486 1517 1518
f 1487 1486 1518
f 1487 1518 1519
f 1488 1487 1519
f 1488 1519 1520
f 1489 1488 1520
f 1489 1520 1521
f 1490 1489 1521
f 1490 1521 1522
f 1491 1490 1522
f 1491 1522 1523
f 1492 1491 1523
f 1492 1523 1524
f 1493 1492 1524
f 1493 1524 1525
f 1494 1493 1525
f 1494 1525 1526
f 1495 1494 1526
f 1495 1526 1527
f 1496 1495 1527
f 1496 1527 1528
f 1497 1496 1528
f 1497 1528 1529
f 1498 1497 1529
f 1498 1529 1530
f 1499 1498 1530
f 1499 1530 1531
f 1500 1499 1531
f 1500 1531 1532
f 1501 1500 1532
f 1501 1532 1533
f 1502 1501 1533
f 1502 1533 1534
f 1503 1502 1534
f 1503 1534 1535
f 32 1503 1535
f 1506 1 1538
f 1507 1506 1538
f 1507 1538 1539
f 1508 1507 1539
f 1508 1539 1540
f 1509 1508 1540
f 1509 1540 1541
f 1510 1509 1541
f 1510 1541 1542
f 1511 1510 1542
f 1511 1542 1543
f 1512 1511 1543
f 1512 1543 1544
f 1513 1512 1544
f 1513 1544 1545
f 1514 1513 1545
f 1514 1545 1546
f 1515 1514 1546
f 1515 1546 1547
f 1516 1515 1547
f 1516 1547 1548
f 1517 1516 1548
f 1517 1548 1549
f 1518 1517 1549
f 1518 1549 1550
f 1519 1518 1550
f 1519 1550 1551
f 1520 1519 1551
f 1520 1551 1552
f 1521 1520 1552
f 1521 1552 1553
f 1522 1521 1553
f 1522 1553 1554
f 1523 1522 1554
f 1523 1554 1555
f 1524 1523 1555
f 1524 1555 1556
f 1525 1524 1556
f 1525 1556 1557
f 1526 1525 1557
f 1526 1557 1558
f 1527 1526 1558
f 1527 1558 1559
f 1528 1527 1559
f 1528 1559 1560
f 1529 1528 1560
f 1529 1560 1561
f 1530 1529 1561
f 1530 1561 1562
f 1531 1530 1562
f 1531 1562 1563
f 1532 1531 1563
f 1532 1563 1564
f 1533 1532 1564
f 1533 1564 1565
f 1534 1533 1565
f 1534 1565 1566
f 1535 1534 1566
f 1535 1566 1567
f 32 1535 1567
f 1538 1 1570
f 1539 1538 1570
f 1539 1570 1571
f 1540 1539 1571
f 1540 1571 1572
f 1541 1540 1572
f 1541 1572 1573
f 1542 1541 1573
f 1542 1573 1574
f 1543 1542 1574
f 1543 1574 1575
f 1544 1543 1575
f 1544 1575 1576
f 1545 1544 1576
f 1545 1576 1577
f 1546 1545 1577
f 1546 1577 1578
f 1547 1546 1578
f 1547 1578 1579
f 1548 1547 1579
f 1548 1579 1580
f 1549 1548 1580
f 1549 1580 1581
f 1550 1549 1581
f 1550 1581 1582
f 1551 1550 1582
f 1551 1582 1583
f 1552 1551 1583
f 1552 1583 1584
f 1553 1552 1584
f 1553 1584 1585
f 1554 1553 1585
f 1554 1585 1586
f 1555 1554 1586
f 1555 1586 1587
f 1556 1555 1587
f 1556 1587 1588
f 1557 1556 1588
f 1557 1588 1589
f 1558 1557 1589
f 1558 1589 1590
f 1559 1558 1590
f 1559 1590 1591
f 1560 1559 1591
f 1560 1591 1592
f 1561 1560 1592
f 1561 1592 1593
f 1562 1561 1593
f 1562 1593 1594
f 1563 1562 1594
f 1563 1594 1595
f 1564 1563 1595
f 1564 1595 1596
f 1565 1564 1596
f 1565 1596 1597
f 1566 1565 1597
f 1566 1597 1598
f 1567 1566 1598
f 1567 1598 1599
f 32 1567 1599
f 1570 1 1602
f 1571 1570 1602
f 1571 1602 1603
f 1572 1571 1603
f 1572 1603 1604
f 1573 1572 1604
f 1573 1604 1605
f 1574 1573 1605
f 1574 1605 1606
f 1575 1574 1606
f 1575 1606 1607
f 1576 1575 1607
f 1576 1607 1608
f 1577 1576 1608
f 1577 1608 1609
f 1578 1577 1609
f 1578 1609 1610
f 1579 1578 1610
f 1579 1610 1611
f 1580 1579 1611
f 1580 1611 1612
f 1581 1580 1612
f 1581 1612 1613
f 1582 1581 1613
f 1582 1613 1614
f 1583 1582 1614
f 1583 1614 1615
f 1584 1583 1615
f 1584 1615 1616
f 1585 1584 1616
f 1585 1616 1617
f 1586 1585 1617
f 1586 1617 1618
f 1587 1586 1618
f 1587 1618 1619
f 1588 1587 1619
f 1588 1619 1620
f 1589 1588 1620
f 1589 1620 1621
f 1590 1589 1621
f 1590 1621 1622
f 1591 1590 1622
f 1591 1622 1623
f 1592 1591 1623
f 1592 1623 1624
f 1593 1592 1624
f 1593 1624 1625
f 1594 1593 1625
f 1594 1625 1626
f 1595 1594 1626
f 1595 1626 1627
f 1596 1595 1627
f 1596 1627 1628
f 1597 1596 1628
f 1597 1628 1629
f 1598 1597 1629
f 1598 1629 1630
f 1599 1598 1630
f 1599 1630 1631
f 32 1599 1631
f 1602 1 1634
f 1603 1602 1634
f 1603 1634 1635
f 1604 1603 1635
f 1604 1635 1636
f 1605 1604 1636
f 1605 1636 1637
f 1606 1605 1637
f 1606 1637 1638
f 1607 1606 1638
f 1607 1638 1639
f 1608 1607 1639
f 1608 1639 1640
f 1609 1608 1640
f 1609 1640 1641
f 1610 1609 1641
f 1610 1641 1642
f 1611 1610 1642
f 1611 1642 1643
f 1612 1611 1643
f 1612 1643 1644
f 1613 1612 1644
f 1613 1644 1645
f 1614 1613 1645
f 1614 1645 1646
f 1615 1614 1646
f 1615 1646 1647
f 1616 1615 1647
f 1616 1647 1648
f 1617 1616 1648
f 1617 1648 1649
f 1618 1617 1649
f 1618 1649 1650
f 1619 1618 1650
f 1619 1650 1651
f 1620 1619 1651
f 1620 1651 1652
f 1621 1620 1652
f 1621 1652 1653
f 1622 1621 1653
f 1622 1653 1654
f 1623 1622 1654
f 1623 1654 1655
f 1624 1623 1655
f 1624 1655 1656
f 1625 1624 1656
f 1625 1656 1657
f 1626 1625 1657
f 1626 1657 1658
f 1627 1626 1658
f 1627 1658 1659
f 1628 1627 1659
f 1628 1659 1660
f 1629 1628 1660
f 1629 1660 1661
f 1630 1629 1661
f 1630 1661 1662
f 1631 1630 1662
f 1631 1662 1663
f 32 1631 1663
f 1634 1 1666
f 1635 1634 1666
f 1635 1666 1667
f 1636 1635 1667
f 1636 1667 1668
f 1637 1636 1668
f 1637 1668 1669
f 1638 1637 1669
f 1638 1669 1670
f 1639 1638 1670
f 1639 1670 1671
f 1640 1639 1671
f 1640 1671 1672
f 1641 1640 1672
f 1641 1672 1673
f 1642 1641 1673
f 1642 1673 1674
f 1643 1642 1674
f 1643 1674 1675
f 1644 1643 1675
f 1644 1675 1676
f 1645 1644 1676
f 1645 1676 1677
f 1646 1645 1677
f 1646 1677 1678
f 1647 1646 1678
f 1647 1678 1679
f 1648 1647 1679
f 1648 1679 1680
f 1649 1648 1680
f 1649 1680 1681
f 1650 1649 1681
f 1650 1681 1682
f 1651 1650 1682
f 1651 1682 1683
f 1652 1651 1683
f 1652 1683 1684
f 1653 1652 1684
f 1653 1684 1685
f 1654 1653 1685
f 1654 1685 1686
f 1655 1654 1686
f 1655 1686 1687
f 1656 1655 1687
f 1656 1687 1688
f 1657 1656 1688
f 1657 1688 1689
f 1658 1657 1689
f 1658 1689 1690
f 1659 1658 1690
f 1659 1690 1691
f 1660 1659 1691
f 1660 1691 1692
f 1661 1660 1692
f 1661 1692 1693
f 1662 1661 1693
f 1662 1693 1694
f 1663 1662 1694
f 1663 1694 1695
f 32 1663 1695
f 1666 1 1698
f 1667 1666 1698
f 1667 1698 1699
f 1668 1667 1699
f 1668 1699 1700
f 1669 1668 1700
f 1669 1700 1701
f 1670 1669 1701
f 1670 1701 1702
f 1671 1670 1702
f 1671 1702 1703
f 1672 1671 1703
f 1672 1703 1704
f 1673 1672 1704
f 1673 1704 1705
f 1674 1673 1705
f 1674 1705 1706
f 1675 1674 1706
f 1675 1706 1707
f 1676 1675 1707
f 1676 1707 1708
f 1677 1676 1708
f 1677 1708 1709
f 1678 1677 1709
f 1678 1709 1710
f 1679 1678 1710
f 1679 1710 1711
f 1680 1679 1711
f 1680 1711 1712
f 1681 1680 1712
f 1681 1712 1713
f 1682 1681 1713
f 1682 1713 1714
f 1683 1682 1714
f 1683 1714 1715
f 1684 1683 1715
f 1684 1715 1716
f 1685 1684 1716
f 1685 1716 1717
f 1686 1685 1717
f 1686 1717 1718
f 1687 1686 1718
f 1687 1718 1719
f 1688 1687 1719
f 1688 1719 1720
f 1689 1688 1720
f 1689 1720 1721
f 1690 1689 1721
f 1690 1721 1722
f 1691 1690 1722
f 1691 1722 1723
f 1692 1691 1723
f 1692 1723 1724
f 1693 1692 1724
f 1693 1724 1725
f 1694 1693 1725
f 1694 1725 1726
f 1695 1694 1726
f 1695 1726 1727
f 32 1695 1727
f 1698 1 1730
f 1699 1698 1730
f 1699 1730 1731
f 1700 1699 1731
f 1700 1731 1732
f 1701 1700 1732
f 1701 1732 1733
f 1702 1701 1733
f 1702 1733 1734
f 1703 1702 1734
f 1703 1734 1735
f 1704 1703 1735
f 1704 1735 1736
f 1705 1704 1736
f 1705 1736 1737
f 1706 1705 1737
f 1706 1737 1738
f 1707 1706 1738
f 1707 1738 1739
f 1708 1707 1739
f 1708 1739 1740
f 1709 1708 1740
f 1709 1740 1741
f 1710 1709 1741
f 1710 1741 1742
f 1711 1710 1742
f 1711 1742 1743
f 1712 1711 1743
f 1712 1743 1744
f 1713 1712 1744
f 1713 1744 1745
f 1714 1713 1745
f 1714 1745 1746
f 1715 1714 1746
f 1715 1746 1747
f 1716 1715 1747
f 1716 1747 1748
f 1717 1716 1748
f 1717 1748 1749
f 1718 1717 1749
f 1718 1749 1750
f 1719 1718 1750
f 1719 1750 1751
f 1720 1719 1751
f 1720 1751 1752
f 1721 1720 1752
f 1721 1752 1753
f 1722 1721 1753
f 1722 1753 1754
f 1723 1722 1754
f 1723 1754 1755
f 1724 1723 1755
f 1724 1755 1756
f 1725 1724 1756
f 1725 1756 1757
f 1726 1725 1757
f 1726 1757 1758
f 1727 1726 1758
f 1727 1758 1759
f 32 1727 1759
f 1730 1 1762
f 1731 1730 1762
f 1731 1762 1763
f 1732 1731 1763
f 1732 1763 1764
f 1733 1732 1764
f 1733 1764 1765
f 1734 1733 1765
f 1734 1765 1766
f 1735 1734 1766
f 1735 1766 1767
f 1736 1735 1767
f 1736 1767 1768
f 1737 1736 1768
f 1737 1768 1769
f 1738 1737 1769
f 1738 1769 1770
f 1739 1738 1770
f 1739 1770 1771
f 1740 1739 1771
f 1740 1771 1772
f 1741 1740 1772
f 1741 1772 1773
f 1742 1741 1773
f 1742 1773 1774
f 1743 1742 1774
f 1743 1774 1775
f 1744 1743 1775
f 1744 1775 1776
f 1745 1744 1776
f 1745 1776 1777
f 1746 1745 1777
f 1746 1777 1778
f 1747 1746 1778
f 1747 1778 1779
f 1748 1747 1779
f 1748 1779 1780
f 1749 1748 1780
f 1749 1780 1781
f 1750 1749 1781
f 1750 1781 1782
f 1751 1750 1782
f 1751 1782 1783
f 1752 1751 1783
f 1752 1783 1784
f 1753 1752 1784
f 1753 1784 1785
f 1754 1753 1785
f 1754 1785 1786
f 1755 1754 1786
f 1755 1786 1787
f 1756 1755 1787
f 1756 1787 1788
f 1757 1756 1788
f 1757 1788 1789
f 1758 1757 1789
f 1758 1789 1790
f 1759 1758 1790
f 1759 1790 1791
f 32 1759 1791
f 1762 1 1794
f 1763 1762 1794
f 1763 1794 1795
f 1764 1763 1795
f 1764 1795 1796
f 1765 1764 1796
f 1765 1796 1797
f 1766 1765 1797
f 1766 1797 1798
f 1767 1766 1798
f 1767 1798 1799
f 1768 1767 1799
f 1768 1799 1800
f 1769 1768 1800
f 1769 1800 1801
f 1770 1769 1801
f 1770 1801 1802
f 1771 1770 1802
f 1771 1802 1803
f 1772 1771 1803
f 1772 1803 1804
f 1773 1772 1804
f 1773 1804 1805
f 1774 1773 1805
f 1774 1805 1806
f 1775 1774 1806
f 1775 1806 1807
f 1776 1775 1807
f 1776 1807 1808
f 1777 1776 1808
f 1777 1808 1809
f 1778 1777 1809
f 1778 1809 1810
f 1779 1778 1810
f 1779 1810 1811
f 1780 1779 1811
f 1780 1811 1812
f 1781 1780 1812
f 1781 1812 1813
f 1782 1781 1813
f 1782 1813 1814
f 1783 1782 1814
f 1783 1814 1815
f 1784 1783 1815
f 1784 1815 1816
f 1785 1784 1816
f 1785 1816 1817
f 1786 1785 1817
f 1786 1817 1818
f 1787 1786 1818
f 1787 1818 1819
f 1788 1787 1819
f 1788 1819 1820
f 1789 1788 1820
f 1789 1820 1821
f 1790 1789 1821
f 1790 1821 1822
f 1791 1790 1822
f 1791 1822 1823
f 32 1791 1823
f 1794 1 1826
f 1795 1794 1826
f 1795 1826 1827
f 1796 1795 1827
f 1796 1827 1828
f 1797 1796 1828
f 1797 1828 1829
f 1798 1797 1829
f 1798 1829 1830
f 1799 1798 1830
f 1799 1830 1831
f 1800 1799 1831
f 1800 1831 1832
f 1801 1800 1832
f 1801 1832 1833
f 1802 1801 1833
f 1802 1833 1834
f 1803 1802 1834
f 1803 1834 1835
f 1804 1803 1835
f 1804 1835 1836
f 1805 1804 1836
f 1805 1836 1837
f 1806 1805 1837
f 1806 1837 1838
f 1807 1806 1838
f 1807 1838 1839
f 1808 1807 1839
f 1808 1839 1840
f 1809 1808 1840
f 1809 1840 1841
f 1810 1809 1841
f 1810 1841 1842
f 1811 1810 1842
f 1811 1842 1843
f 1812 1811 1843
f 1812 1843 1844
f 1813 1812 1844
f 1813 1844 1845
f 1814 1813 1845
f 1814 1845 1846
f 1815 1814 1846
f 1815 1846 1847
f 1816 1815 1847
f 1816 1847 1848
f 1817 1816 1848
f 1817 1848 1849
f 1818 1817 1849
f 1818 1849 1850
f 1819 1818 1850
f 1819 1850 1851
f 1820 1819 1851
f 1820 1851 1852
f 1821 1820 1852
f 1821 1852 1853
f 1822 1821 1853
f 1822 1853 1854
f 1823 1822 1854
f 1823 1854 1855
f 32 1823 1855
f 1826 1 1858
f 1827 1826 1858
f 1827 1858 1859
f 1828 1827 1859
f 1828 1859 1860
f 1829 1828 1860
f 1829 1860 1861
f 1830 1829 1861
f 1830 1861 1862
f 1831 1830 1862
f 1831 1862 1863
f 1832 1831 1863
f 1832 1863 1864
f 1833 1832 1864
f 1833 1864 1865
f 1834 1833 1865
f 1834 1865 1866
f 1835 1834 1866
f 1835 1866 1867
f 1836 1835 1867
f 1836 1867 1868
f 1837 1836 1868
f 1837 1868 1869
f 1838 1837 1869
f 1838 1869 1870
f 1839 1838 1870
f 1839 1870 1871
f 1840 1839 1871
f 1840 1871 1872
f 1841 1840 1872
f 1841 1872 1873
f 1842 1841 1873
f 1842 1873 1874
f 1843 1842 1874
f 1843 1874 1875
f 1844 1843 1875
f 1844 1875 1876
f 1845 1844 1876
f 1845 1876 1877
f 1846 1845 1877
f 1846 1877 1878
f 1847 1846 1878
f 1847 1878 1879
f 1848 1847 1879
f 1848 1879 1880
f 1849 1848 1880
f 1849 1880 1881
f 1850 1849 1881
f 1850 1881 1882
f 1851 1850 1882
f 1851 1882 1883
f 1852 1851 1883
f 1852 1883 1884
f 1853 1852 1884
f 1853 1884 1885
f 1854 1853 1885
f 1854 1885 1886
f 1855 1854 1886
f 1855 1886 1887
f 32 1855 1887
f 1858 1 1890
f 1859 1858 1890
f 1859 1890 1891
f 1860 1859 1891
f 1860 1891 1892
f 1861 1860 1892
f 1861 1892 1893
f 1862 1861 1893
f 1862 1893 1894
f 1863 1862 1894
f 1863 1894 1895
f 1864 1863 1895
f 1864 1895 1896
f 1865 1864 1896
f 1865 1896 1897
f 1866 1865 1897
f 1866 1897 1898
f 1867 1866 1898
f 1867 1898 1899
f 1868 1867 1899
f 1868 1899 1900
f 1869 1868 1900
f 1869 1900 1901
f 1870 1869 1901
f 1870 1901 1902
f 1871 1870 1902
f 1871 1902 1903
f 1872 1871 1903
f 1872 1903 1904
f 1873 1872 1904
f 1873 1904 1905
f 1874 1873 1905
f 1874 1905 1906
f 1875 1874 1906
f 1875 1906 1907
f 1876 1875 1907
f 1876 1907 1908
f 1877 1876 1908
f 1877 1908 1909
f 1878 1877 1909
f 1878 1909 1910
f 1879 1878 1910
f 1879 1910 1911
f 1880 1879 1911
f 1880 1911 1912
f 1881 1880 1912
f 1881 1912 1913
f 1882 1881 1913
f 1882 1913 1914
f 1883 1882 1914
f 1883 1914 1915
f 1884 1883 1915
f 1884 1915 1916
f 1885 1884 1916
f 1885 1916 1917
f 1886 1885 1917
f 1886 1917 1918
f 1887 1886 1918
f 1887 1918 1919
f 32 1887 1919
f 1890 1 1922
f 1891 1890 1922
f 1891 1922 1923
f 1892 1891 1923
f 1892 1923 1924
f 1893 1892 1924
f 1893 1924 1925
f 1894 1893 1925
f 1894 1925 1926
f 1895 1894 1926
f 1895 1926 1927
f 1896 1895 1927
f 1896 1927 1928
f 1897 1896 1928
f 1897 1928 1929
f 1898 1897 1929
f 1898 1929 1930
f 1899 1898 1930
f 1899 1930 1931
f 1900 1899 1931
f 1900 1931 1932
f 1901 1900 1932
f 1901 1932 1933
f 1902 1901 1933
f 1902 1933 1934
f 1903 1902 1934
f 1903 1934 1935
f 1904 1903 1935
f 1904 1935 1936
f 1905 1904 1936
f 1905 1936 1937
f 1906 1905 1937
f 1906 1937 1938
f 1907 1906 1938
f 1907 1938 1939
f 1908 1907 1939
f 1908 1939 1940
f 1909 1908 1940
f 1909 1940 1941
f 1910 1909 1941
f 1910 1941 1942
f 1911 1910 1942
f 1911 1942 1943
f 1912 1911 1943
f 1912 1943 1944
f 1913 1912 1944
f 1913 1944 1945
f 1914 1913 1945
f 1914 1945 1946
f 1915 1914 1946
f 1915 1946 1947
f 1916 1915 1947
f 1916 1947 1948
f 1917 1916 1948
f 1917 1948 1949
f 1918 1917 1949
f 1918 1949 1950
f 1919 1918 1950
f 1919 1950 1951
f 32 1919 1951
f 1922 1 1954
f 1923 1922 1954
f 1923 1954 1955
f 1924 1923 1955
f 1924 1955 1956
f 1925 1924 1956
f 1925 1956 1957
f 1926 1925 1957
f 1926 1957 1958
f 1927 1926 1958
f 1927 1958 1959
f 1928 1927 1959
f 1928 1959 1960
f 1929 1928 1960
f 1929 1960 1961
f 1930 1929 1961
f 1930 1961 1962
f 1931 1930 1962
f 1931 1962 1963
f 1932 1931 1963
f 1932 1963 1964
f 1933 1932 1964
f 1933 1964 1965
f 1934 1933 1965
f 1934 1965 1966
f 1935 1934 1966
f 1935 1966 1967
f 1936 1935 1967
f 1936 1967 1968
f 1937 1936 1968
f 1937 1968 1969
f 1938 1937 1969
f 1938 1969 1970
f 1939 1938 1970
f 1939 1970 1971
f 1940 1939 1971
f 1940 1971 1972
f 1941 1940 1972
f 1941 1972 1973
f 1942 1941 1973
f 1942 1973 1974
f 1943 1942 1974
f 1943 1974 1975
f 1944 1943 1975
f 1944 1975 1976
f 1945 1944 1976
f 1945 1976 1977
f 1946 1945 1977
f 1946 1977 1978
f 1947 1946 1978
f 1947 1978 1979
f 1948 1947 1979
f 1948 1979 1980
f 1949 1948 1980
f 1949 1980 1981
f 1950 1949 1981
f 1950 1981 1982
f 1951 1950 1982
f 1951 1982 1983
f 32 1951 1983
f 1954 1 1986
f 1955 1954 1986
f 1955 1986 1987
f 1956 1955 1987
f 1956 1987 1988
f 1957 1956 1988
f 1957 1988 1989
f 1958 1957 1989
f 1958 1989 1990
f 1959 1958 1990
f 1959 1990 1991
f 1960 1959 1991
f 1960 1991 1992
f 1961 1960 1992
f 1961 1992 1993
f 1962 1961 1993
f 1962 1993 1994
f 1963 1962 1994
f 1963 1994 1995
f 1964 1963 1995
f 1964 1995 1996
f 1965 1964 1996
f 1965 1996 1997
f 1966 1965 1997
f 1966 1997 1998
f 1967 1966 1998
f 1967 1998 1999
f 1968 1967 1999
f 1968 1999 2000
f 1969 1968 2000
f 1969 2000 2001
f 1970 1969 2001
f 1970 2001 2002
f 1971 1970 2002
f 1971 2002 2003
f 1972 1971 2003
f 1972 2003 2004
f 1973 1972 2004
f 1973 2004 2005
f 1974 1973 2005
f 1974 2005 2006
f 1975 1974 2006
f 1975 2006 2007
f 1976 1975 2007
f 1976 2007 2008
f 1977 1976 2008
f 1977 2008 2009
f 1978 1977 2009
f 1978 2009 2010
f 1979 1978 2010
f 1979 2010 2011
f 1980 1979 2011
f 1980 2011 2012
f 1981 1980 2012
f 1981 2012 2013
f 1982 1981 2013
f 1982 2013 2014
f 1983 1982 2014
f 1983 2014 2015
f 32 1983 2015
f 1986 1 2
f 1987 1986 2
f 1987 2 3
f 1988 1987 3
f 1988 3 4
f 1989 1988 4
f 1989 4 5
f 1990 1989 5
f 1990 5 6
f 1991 1990 6
f 1991 6 7
f 1992 1991 7
f 1992 7 8
f 1993 1992 8
f 1993 8 9
f 1994 1993 9
f 1994 9 10
f 1995 1994 10
f 1995 10 11
f 1996 1995 11
f 1996 11 12
f 1997 1996 12
f 1997 12 13
f 1998 1997 13
f 1998 13 14
f 1999 1998 14
f 1999 14 15
f 2000 1999 15
f 2000 15 16
f 2001 2000 16
f 2001 16 17
f 2002 2001 17
f 2002 17 18
f 2003 2002 18
f 2003 18 19
f 2004 2003 19
f 2004 19 20
f 2005 2004 20
f 2005 20 21
f 2006 2005 21
f 2006 21 22
f 2007 2006 22
f 2007 22 23
f 2008 2007 23
f 2008 23 24
f 2009 2008 24
f 2009 24 25
f 2010 2009 25
f 2010 25 26
f 2011 2010 26
f 2011 26 27
f 2012 2011 27
f 2012 27 28
f 2013 2012 28
f 2013 28 29
f 2014 2013 29
f 2014 29 30
f 2015 2014 30
f 2015 30 31
f 32 2015 31